user,session,model,label_is_illegal,score_anomaly,threshold,prediction_alarm
user12,session_0126772600,rms_z,1,22.643796462286534,1.0923882593568288,1
user12,session_0166199610,rms_z,0,123.92776730907676,1.0923882593568288,1
user12,session_0170625567,rms_z,1,12.446390692268823,1.0923882593568288,1
user12,session_0172860263,rms_z,1,56.07566088462924,1.0923882593568288,1
user12,session_0172989910,rms_z,1,20.248940226301322,1.0923882593568288,1
user12,session_0195566274,rms_z,0,50.360510507928,1.0923882593568288,1
user12,session_0611188910,rms_z,0,24.88620573113287,1.0923882593568288,1
user12,session_0718520474,rms_z,1,13.58364188793501,1.0923882593568288,1
user12,session_0831009063,rms_z,0,14.298028134498502,1.0923882593568288,1
user12,session_0893120027,rms_z,0,9.100631918227247,1.0923882593568288,1
user12,session_1178629549,rms_z,0,49.45011331185432,1.0923882593568288,1
user12,session_1196335015,rms_z,1,62.11281491910034,1.0923882593568288,1
user12,session_1656689994,rms_z,1,9.617696155948689,1.0923882593568288,1
user12,session_1843905203,rms_z,0,39.74807117771986,1.0923882593568288,1
user12,session_1928096865,rms_z,1,35.85551224931054,1.0923882593568288,1
user12,session_2116060291,rms_z,1,8.012767064654074,1.0923882593568288,1
user12,session_2177337196,rms_z,1,71.2674279646334,1.0923882593568288,1
user12,session_2726751248,rms_z,1,97.92540136317184,1.0923882593568288,1
user12,session_2923450227,rms_z,1,33.304304811436765,1.0923882593568288,1
user12,session_3226676976,rms_z,0,25.136232217932776,1.0923882593568288,1
user12,session_3230049516,rms_z,0,13.455682345309668,1.0923882593568288,1
user12,session_3267760096,rms_z,0,23.438409952390746,1.0923882593568288,1
user12,session_3315925736,rms_z,1,6.517691010577562,1.0923882593568288,1
user12,session_3360873587,rms_z,0,10.940607303848013,1.0923882593568288,1
user12,session_3387344935,rms_z,1,10.013137895366617,1.0923882593568288,1
user12,session_3487526409,rms_z,0,9.456778878999842,1.0923882593568288,1
user12,session_3571551367,rms_z,0,25.774523973341626,1.0923882593568288,1
user12,session_3657391768,rms_z,0,6.270319255447124,1.0923882593568288,1
user12,session_3678562948,rms_z,0,18.015649261426574,1.0923882593568288,1
user12,session_3683562482,rms_z,1,22.333603228186725,1.0923882593568288,1
user12,session_3807007352,rms_z,0,22.586066403339377,1.0923882593568288,1
user12,session_3958419196,rms_z,0,15.068506465912497,1.0923882593568288,1
user12,session_4066543084,rms_z,1,27.065150730097486,1.0923882593568288,1
user12,session_4091639526,rms_z,1,20.315730152967664,1.0923882593568288,1
user12,session_4157921188,rms_z,1,147.5735805482176,1.0923882593568288,1
user12,session_4383618618,rms_z,1,76.44720074471874,1.0923882593568288,1
user12,session_4414280148,rms_z,0,17.25913790352334,1.0923882593568288,1
user12,session_4498932663,rms_z,1,9.378267681527625,1.0923882593568288,1
user12,session_4876159319,rms_z,1,20.21101270712725,1.0923882593568288,1
user12,session_4905082660,rms_z,0,123.40924069380105,1.0923882593568288,1
user12,session_4970622399,rms_z,1,17.605332156285915,1.0923882593568288,1
user12,session_5035500864,rms_z,0,5.345874259645271,1.0923882593568288,1
user12,session_5046103917,rms_z,1,10.342693604167561,1.0923882593568288,1
user12,session_5052301661,rms_z,0,71.41925509373918,1.0923882593568288,1
user12,session_5088690608,rms_z,0,4.473285588539798,1.0923882593568288,1
user12,session_5256432882,rms_z,0,9.510891442693831,1.0923882593568288,1
user12,session_5269540222,rms_z,1,35.038203765521764,1.0923882593568288,1
user12,session_5346999982,rms_z,1,8.328270595027604,1.0923882593568288,1
user12,session_5352520893,rms_z,1,6.450110436246769,1.0923882593568288,1
user12,session_5466872812,rms_z,1,24.763252047683267,1.0923882593568288,1
user12,session_5476317070,rms_z,1,65.00852608879295,1.0923882593568288,1
user12,session_5518980455,rms_z,0,24.627765937575155,1.0923882593568288,1
user12,session_5577188457,rms_z,1,33.74339998087439,1.0923882593568288,1
user12,session_5747551041,rms_z,0,21.733884030018086,1.0923882593568288,1
user12,session_5771189096,rms_z,0,14.406983512897886,1.0923882593568288,1
user12,session_6142373482,rms_z,0,34.816677593049775,1.0923882593568288,1
user12,session_6167829880,rms_z,0,13.40607225375565,1.0923882593568288,1
user12,session_6186753676,rms_z,1,15.0417774378868,1.0923882593568288,1
user12,session_6229277499,rms_z,0,5.034462268924545,1.0923882593568288,1
user12,session_6237876052,rms_z,0,7.094682053803594,1.0923882593568288,1
user12,session_6304072815,rms_z,0,18.52663695501495,1.0923882593568288,1
user12,session_6446737316,rms_z,0,12.055978705577628,1.0923882593568288,1
user12,session_6468388206,rms_z,0,27.142095560106043,1.0923882593568288,1
user12,session_6695269196,rms_z,1,10.59650397142322,1.0923882593568288,1
user12,session_6721137284,rms_z,0,40.625854227513315,1.0923882593568288,1
user12,session_6835186342,rms_z,0,13.61754245852865,1.0923882593568288,1
user12,session_6965771386,rms_z,1,6.465047548125259,1.0923882593568288,1
user12,session_6974460768,rms_z,1,6.067457005194294,1.0923882593568288,1
user12,session_7168735362,rms_z,0,5.9680211086206265,1.0923882593568288,1
user12,session_7251443361,rms_z,1,13.91128186607535,1.0923882593568288,1
user12,session_7454853209,rms_z,1,21.159959754095798,1.0923882593568288,1
user12,session_7489987884,rms_z,0,9.010911249647512,1.0923882593568288,1
user12,session_7562248450,rms_z,1,7.265341116116593,1.0923882593568288,1
user12,session_7575485743,rms_z,0,15.7412189033924,1.0923882593568288,1
user12,session_7580547206,rms_z,0,4.390508013830191,1.0923882593568288,1
user12,session_7583047056,rms_z,0,3.92067287782999,1.0923882593568288,1
user12,session_7614908860,rms_z,1,168.29485450904542,1.0923882593568288,1
user12,session_7684485021,rms_z,1,112.32496360785814,1.0923882593568288,1
user12,session_7772954143,rms_z,1,59.37616253411555,1.0923882593568288,1
user12,session_7907939720,rms_z,0,8.581603608276513,1.0923882593568288,1
user12,session_7914718036,rms_z,1,361.84291029539895,1.0923882593568288,1
user12,session_7976664538,rms_z,0,28.164448871763323,1.0923882593568288,1
user12,session_8014286229,rms_z,1,3.934156861673419,1.0923882593568288,1
user12,session_8199358611,rms_z,0,13.788229487012101,1.0923882593568288,1
user12,session_8200552592,rms_z,1,29.0682599839107,1.0923882593568288,1
user12,session_8271683052,rms_z,1,12.946796810371032,1.0923882593568288,1
user12,session_8291380356,rms_z,0,19.670274253457485,1.0923882593568288,1
user12,session_8361853378,rms_z,0,13.734869974644816,1.0923882593568288,1
user12,session_8439712811,rms_z,0,5.040785985614105,1.0923882593568288,1
user12,session_8674602823,rms_z,0,12.839062911340593,1.0923882593568288,1
user12,session_8680283238,rms_z,0,5.399156201610197,1.0923882593568288,1
user12,session_8689827198,rms_z,1,13.655046526155894,1.0923882593568288,1
user12,session_8701118698,rms_z,1,37.15122497255877,1.0923882593568288,1
user12,session_8950902312,rms_z,1,7.582820199923701,1.0923882593568288,1
user12,session_9072596713,rms_z,1,118.79079040883359,1.0923882593568288,1
user12,session_9203064974,rms_z,0,23.817832877736564,1.0923882593568288,1
user12,session_9387370115,rms_z,0,32.069307094789814,1.0923882593568288,1
user12,session_9506925023,rms_z,0,4.814174096613222,1.0923882593568288,1
user12,session_9693789671,rms_z,1,89.62237051473332,1.0923882593568288,1
user12,session_9816302916,rms_z,1,7.620505469755688,1.0923882593568288,1
user12,session_9839818954,rms_z,0,33.29102915120496,1.0923882593568288,1
user12,session_9899715696,rms_z,0,4.036143060769119,1.0923882593568288,1
user12,session_9924186646,rms_z,0,7.885561860937386,1.0923882593568288,1
user12,session_9932324920,rms_z,0,5.896752928644584,1.0923882593568288,1
user12,session_9973193301,rms_z,0,27.690924830704013,1.0923882593568288,1
user12,session_0126772600,isolation_forest,1,0.4720690893423505,0.46307090086455577,1
user12,session_0166199610,isolation_forest,0,0.47915244403979773,0.46307090086455577,1
user12,session_0170625567,isolation_forest,1,0.4637071494047135,0.46307090086455577,1
user12,session_0172860263,isolation_forest,1,0.4467591263055746,0.46307090086455577,0
user12,session_0172989910,isolation_forest,1,0.4637071494047135,0.46307090086455577,1
user12,session_0195566274,isolation_forest,0,0.47986659906219575,0.46307090086455577,1
user12,session_0611188910,isolation_forest,0,0.44742500055462003,0.46307090086455577,0
user12,session_0718520474,isolation_forest,1,0.46095288178470745,0.46307090086455577,0
user12,session_0831009063,isolation_forest,0,0.49881292175348085,0.46307090086455577,1
user12,session_0893120027,isolation_forest,0,0.4514411394622535,0.46307090086455577,0
user12,session_1178629549,isolation_forest,0,0.48058181850031845,0.46307090086455577,1
user12,session_1196335015,isolation_forest,1,0.4447674435318509,0.46307090086455577,0
user12,session_1656689994,isolation_forest,1,0.44942858395330965,0.46307090086455577,0
user12,session_1843905203,isolation_forest,0,0.45617221988115164,0.46307090086455577,0
user12,session_1928096865,isolation_forest,1,0.45821497360650065,0.46307090086455577,0
user12,session_2116060291,isolation_forest,1,0.4856182917687797,0.46307090086455577,1
user12,session_2177337196,isolation_forest,1,0.48851993918125025,0.46307090086455577,1
user12,session_2726751248,isolation_forest,1,0.4480918672590837,0.46307090086455577,0
user12,session_2923450227,isolation_forest,1,0.45549332770040135,0.46307090086455577,0
user12,session_3226676976,isolation_forest,0,0.49437535103258745,0.46307090086455577,1
user12,session_3230049516,isolation_forest,0,0.5032903246259203,0.46307090086455577,1
user12,session_3267760096,isolation_forest,0,0.45549332770040135,0.46307090086455577,0
user12,session_3315925736,isolation_forest,1,0.47630643646074755,0.46307090086455577,1
user12,session_3360873587,isolation_forest,0,0.46856677699041593,0.46307090086455577,1
user12,session_3387344935,isolation_forest,1,0.46856677699041593,0.46307090086455577,1
user12,session_3487526409,isolation_forest,0,0.452113992039913,0.46307090086455577,0
user12,session_3571551367,isolation_forest,0,0.471366538859088,0.46307090086455577,1
user12,session_3657391768,isolation_forest,0,0.474889778090726,0.46307090086455577,1
user12,session_3678562948,isolation_forest,0,0.4892480560310076,0.46307090086455577,1
user12,session_3683562482,isolation_forest,1,0.4650904485295843,0.46307090086455577,1
user12,session_3807007352,isolation_forest,0,0.44942858395330965,0.46307090086455577,0
user12,session_3958419196,isolation_forest,0,0.5070521788740343,0.46307090086455577,1
user12,session_4066543084,isolation_forest,1,0.49070754702359054,0.46307090086455577,1
user12,session_4091639526,isolation_forest,1,0.4870669546994406,0.46307090086455577,1
user12,session_4157921188,isolation_forest,1,0.47915244403979773,0.46307090086455577,1
user12,session_4383618618,isolation_forest,1,0.452113992039913,0.46307090086455577,0
user12,session_4414280148,isolation_forest,0,0.45617221988115164,0.46307090086455577,0
user12,session_4498932663,isolation_forest,1,0.4548154458718229,0.46307090086455577,0
user12,session_4876159319,isolation_forest,1,0.45549332770040135,0.46307090086455577,0
user12,session_4905082660,isolation_forest,0,0.46926515455538304,0.46307090086455577,1
user12,session_4970622399,isolation_forest,1,0.4936396035548933,0.46307090086455577,1
user12,session_5035500864,isolation_forest,0,0.469964573020489,0.46307090086455577,1
user12,session_5046103917,isolation_forest,1,0.4568521239199579,0.46307090086455577,0
user12,session_5052301661,isolation_forest,0,0.47418302975531,0.46307090086455577,1
user12,session_5088690608,isolation_forest,0,0.4973293232828665,0.46307090086455577,1
user12,session_5256432882,isolation_forest,0,0.5055440747245773,0.46307090086455577,1
user12,session_5269540222,isolation_forest,1,0.469964573020489,0.46307090086455577,1
user12,session_5346999982,isolation_forest,1,0.4784393518490222,0.46307090086455577,1
user12,session_5352520893,isolation_forest,1,0.4467591263055746,0.46307090086455577,0
user12,session_5466872812,isolation_forest,1,0.4568521239199579,0.46307090086455577,0
user12,session_5476317070,isolation_forest,1,0.48345337217481593,0.46307090086455577,1
user12,session_5518980455,isolation_forest,0,0.44278463981629856,0.46307090086455577,0
user12,session_5577188457,isolation_forest,1,0.4467591263055746,0.46307090086455577,0
user12,session_5747551041,isolation_forest,0,0.47986659906219575,0.46307090086455577,1
user12,session_5771189096,isolation_forest,0,0.471366538859088,0.46307090086455577,1
user12,session_6142373482,isolation_forest,0,0.453462707258847,0.46307090086455577,0
user12,session_6167829880,isolation_forest,0,0.452113992039913,0.46307090086455577,0
user12,session_6186753676,isolation_forest,1,0.47559757980253525,0.46307090086455577,1
user12,session_6229277499,isolation_forest,0,0.460266874848074,0.46307090086455577,0
user12,session_6237876052,isolation_forest,0,0.44410552435635886,0.46307090086455577,0
user12,session_6304072815,isolation_forest,0,0.474889778090726,0.46307090086455577,1
user12,session_6446737316,isolation_forest,0,0.453462707258847,0.46307090086455577,0
user12,session_6468388206,isolation_forest,0,0.45821497360650065,0.46307090086455577,0
user12,session_6695269196,isolation_forest,1,0.46163991118361836,0.46307090086455577,0
user12,session_6721137284,isolation_forest,0,0.47066503393714837,0.46307090086455577,1
user12,session_6835186342,isolation_forest,0,0.4637071494047135,0.46307090086455577,1
user12,session_6965771386,isolation_forest,1,0.5047917055438224,0.46307090086455577,1
user12,session_6974460768,isolation_forest,1,0.4841739375358583,0.46307090086455577,1
user12,session_7168735362,isolation_forest,0,0.484895576866945,0.46307090086455577,1
user12,session_7251443361,isolation_forest,1,0.47418302975531,0.46307090086455577,1
user12,session_7454853209,isolation_forest,1,0.4650904485295843,0.46307090086455577,1
user12,session_7489987884,isolation_forest,0,0.47066503393714837,0.46307090086455577,1
user12,session_7562248450,isolation_forest,1,0.47915244403979773,0.46307090086455577,1
user12,session_7575485743,isolation_forest,0,0.4643982839148022,0.46307090086455577,1
user12,session_7580547206,isolation_forest,0,0.4720690893423505,0.46307090086455577,1
user12,session_7583047056,isolation_forest,0,0.4820154569719568,0.46307090086455577,1
user12,session_7614908860,isolation_forest,1,0.45549332770040135,0.46307090086455577,0
user12,session_7684485021,isolation_forest,1,0.46095288178470745,0.46307090086455577,0
user12,session_7772954143,isolation_forest,1,0.4595818888520523,0.46307090086455577,0
user12,session_7907939720,isolation_forest,0,0.4784393518490222,0.46307090086455577,1
user12,session_7914718036,isolation_forest,1,0.47915244403979773,0.46307090086455577,1
user12,session_7976664538,isolation_forest,0,0.47066503393714837,0.46307090086455577,1
user12,session_8014286229,isolation_forest,1,0.4929049510435031,0.46307090086455577,1
user12,session_8199358611,isolation_forest,0,0.453462707258847,0.46307090086455577,0
user12,session_8200552592,isolation_forest,1,0.452113992039913,0.46307090086455577,0
user12,session_8271683052,isolation_forest,1,0.4527878474738736,0.46307090086455577,0
user12,session_8291380356,isolation_forest,0,0.460266874848074,0.46307090086455577,0
user12,session_8361853378,isolation_forest,0,0.49955637982770845,0.46307090086455577,1
user12,session_8439712811,isolation_forest,0,0.47559757980253525,0.46307090086455577,1
user12,session_8674602823,isolation_forest,0,0.46647787421681536,0.46307090086455577,1
user12,session_8680283238,isolation_forest,0,0.47066503393714837,0.46307090086455577,1
user12,session_8689827198,isolation_forest,1,0.4678694387764822,0.46307090086455577,1
user12,session_8701118698,isolation_forest,1,0.47418302975531,0.46307090086455577,1
user12,session_8950902312,isolation_forest,1,0.4637071494047135,0.46307090086455577,1
user12,session_9072596713,isolation_forest,1,0.47630643646074755,0.46307090086455577,1
user12,session_9203064974,isolation_forest,0,0.4877929059416172,0.46307090086455577,1
user12,session_9387370115,isolation_forest,0,0.4500984369081091,0.46307090086455577,0
user12,session_9506925023,isolation_forest,0,0.46647787421681536,0.46307090086455577,1
user12,session_9693789671,isolation_forest,1,0.49437535103258745,0.46307090086455577,1
user12,session_9816302916,isolation_forest,1,0.46095288178470745,0.46307090086455577,0
user12,session_9839818954,isolation_forest,0,0.474889778090726,0.46307090086455577,1
user12,session_9899715696,isolation_forest,0,0.47066503393714837,0.46307090086455577,1
user12,session_9924186646,isolation_forest,0,0.4588979222772412,0.46307090086455577,0
user12,session_9932324920,isolation_forest,0,0.4323580178013065,0.46307090086455577,0
user12,session_9973193301,isolation_forest,0,0.453462707258847,0.46307090086455577,0
user15,session_0003960194,rms_z,1,26.50588785671443,1.9166756461931278,1
user15,session_0128859274,rms_z,1,10.01504018963642,1.9166756461931278,1
user15,session_0280517098,rms_z,1,4.334105092232612,1.9166756461931278,1
user15,session_0305187451,rms_z,1,12.702476766127717,1.9166756461931278,1
user15,session_0326724732,rms_z,1,8.025340020492063,1.9166756461931278,1
user15,session_0510406466,rms_z,0,8.293228114364048,1.9166756461931278,1
user15,session_0612796637,rms_z,1,332.0267654829851,1.9166756461931278,1
user15,session_0647531474,rms_z,1,5.923528105848067,1.9166756461931278,1
user15,session_0719528275,rms_z,1,15.957956127966579,1.9166756461931278,1
user15,session_0797370695,rms_z,0,7.4643764468991005,1.9166756461931278,1
user15,session_0861337889,rms_z,1,312.893911555425,1.9166756461931278,1
user15,session_0864574884,rms_z,0,8.947178961375778,1.9166756461931278,1
user15,session_1016856509,rms_z,0,4.722208549717114,1.9166756461931278,1
user15,session_1149922141,rms_z,1,4.713154812142438,1.9166756461931278,1
user15,session_1316321566,rms_z,1,117.32399037115493,1.9166756461931278,1
user15,session_1324126678,rms_z,0,11.135774333747973,1.9166756461931278,1
user15,session_1567411744,rms_z,0,8.971298517332247,1.9166756461931278,1
user15,session_1618522149,rms_z,1,28.76152076248595,1.9166756461931278,1
user15,session_1649882646,rms_z,1,9.838172164141156,1.9166756461931278,1
user15,session_1750509621,rms_z,1,2.7806986133046876,1.9166756461931278,1
user15,session_1824070206,rms_z,0,29.353907821851866,1.9166756461931278,1
user15,session_1854610785,rms_z,1,14.099288875056729,1.9166756461931278,1
user15,session_1876247964,rms_z,0,21.247532776039506,1.9166756461931278,1
user15,session_1968614536,rms_z,1,7.455924040821048,1.9166756461931278,1
user15,session_2099251918,rms_z,0,23.652109962300532,1.9166756461931278,1
user15,session_2203453961,rms_z,1,5.6577092594948875,1.9166756461931278,1
user15,session_2375808482,rms_z,1,22.72922587953873,1.9166756461931278,1
user15,session_2613999059,rms_z,0,6.843727351419951,1.9166756461931278,1
user15,session_2694965772,rms_z,1,23.764026791594535,1.9166756461931278,1
user15,session_2730276507,rms_z,1,6.656143169853301,1.9166756461931278,1
user15,session_2931074825,rms_z,1,7.800541683785286,1.9166756461931278,1
user15,session_2953697423,rms_z,1,27.823797131604874,1.9166756461931278,1
user15,session_3014121416,rms_z,1,3.3705341255708943,1.9166756461931278,1
user15,session_3051589624,rms_z,1,5.058813832629211,1.9166756461931278,1
user15,session_3077149461,rms_z,1,5.699040051095451,1.9166756461931278,1
user15,session_3102058551,rms_z,0,75.36560868715074,1.9166756461931278,1
user15,session_3155649031,rms_z,1,6.227732050211958,1.9166756461931278,1
user15,session_3343831517,rms_z,0,29.386694903847793,1.9166756461931278,1
user15,session_3393326634,rms_z,0,11.126959067008682,1.9166756461931278,1
user15,session_3603344105,rms_z,1,7.539889257979323,1.9166756461931278,1
user15,session_3641521673,rms_z,0,30.586546281269026,1.9166756461931278,1
user15,session_3704248627,rms_z,0,7.275792089996487,1.9166756461931278,1
user15,session_3791802350,rms_z,1,2.8655462175908806,1.9166756461931278,1
user15,session_3814755566,rms_z,0,14.498607261301062,1.9166756461931278,1
user15,session_3879503861,rms_z,0,9.148382797842409,1.9166756461931278,1
user15,session_4098569257,rms_z,1,40.19298771787396,1.9166756461931278,1
user15,session_4119002624,rms_z,0,6.875585388142356,1.9166756461931278,1
user15,session_4290136840,rms_z,1,34.94750686604817,1.9166756461931278,1
user15,session_4386624259,rms_z,1,16.060685006727056,1.9166756461931278,1
user15,session_4480398495,rms_z,1,4.974235685245922,1.9166756461931278,1
user15,session_4659905162,rms_z,0,7.4274466741136695,1.9166756461931278,1
user15,session_4687655362,rms_z,0,17.52430167169491,1.9166756461931278,1
user15,session_4762909710,rms_z,1,6.9298632978515275,1.9166756461931278,1
user15,session_4896261465,rms_z,1,4.07696952126343,1.9166756461931278,1
user15,session_5023081923,rms_z,1,7.131813922205635,1.9166756461931278,1
user15,session_5071023384,rms_z,1,11.525799169903078,1.9166756461931278,1
user15,session_5269315187,rms_z,0,6.624084627101044,1.9166756461931278,1
user15,session_5312030236,rms_z,1,19.533662817253845,1.9166756461931278,1
user15,session_5594141097,rms_z,1,11.124779797764369,1.9166756461931278,1
user15,session_5695398064,rms_z,1,5.804719309349851,1.9166756461931278,1
user15,session_5700842190,rms_z,0,25.15142276063585,1.9166756461931278,1
user15,session_5806761857,rms_z,1,12.594655201368994,1.9166756461931278,1
user15,session_5958053029,rms_z,1,6.635454691597022,1.9166756461931278,1
user15,session_6102555994,rms_z,1,4.932779682371589,1.9166756461931278,1
user15,session_6112730640,rms_z,0,15.882238459496227,1.9166756461931278,1
user15,session_6189139492,rms_z,0,11.282328617362493,1.9166756461931278,1
user15,session_6237417362,rms_z,1,38.77646592793825,1.9166756461931278,1
user15,session_6303895598,rms_z,0,5.086041558774289,1.9166756461931278,1
user15,session_6320970139,rms_z,1,8.814131443162529,1.9166756461931278,1
user15,session_6349231133,rms_z,0,9.72892041012666,1.9166756461931278,1
user15,session_6464183153,rms_z,1,315.28253205535964,1.9166756461931278,1
user15,session_6509364535,rms_z,0,19.418757268926203,1.9166756461931278,1
user15,session_6568302079,rms_z,1,15.670619920097964,1.9166756461931278,1
user15,session_6657360579,rms_z,1,7.95668096643781,1.9166756461931278,1
user15,session_6679825465,rms_z,0,7.2342296039951295,1.9166756461931278,1
user15,session_6705777193,rms_z,1,11.932907121255806,1.9166756461931278,1
user15,session_6751955279,rms_z,1,5.5190086407734835,1.9166756461931278,1
user15,session_6869635181,rms_z,0,4.268977044469944,1.9166756461931278,1
user15,session_6871552747,rms_z,1,5.636077747883398,1.9166756461931278,1
user15,session_6873559742,rms_z,0,6.75451758040618,1.9166756461931278,1
user15,session_6896514118,rms_z,1,19.987526470227017,1.9166756461931278,1
user15,session_7035039573,rms_z,1,8.426490072923226,1.9166756461931278,1
user15,session_7071815036,rms_z,0,6.08154835561722,1.9166756461931278,1
user15,session_7096197451,rms_z,0,6.891101210484412,1.9166756461931278,1
user15,session_7323696974,rms_z,1,11.144315768566855,1.9166756461931278,1
user15,session_7331556356,rms_z,1,19.512511817518657,1.9166756461931278,1
user15,session_7394343234,rms_z,0,6.354288763998924,1.9166756461931278,1
user15,session_7471072415,rms_z,1,12.053083648844268,1.9166756461931278,1
user15,session_7690305433,rms_z,0,12.941657504614332,1.9166756461931278,1
user15,session_7779665504,rms_z,0,7.552795833124493,1.9166756461931278,1
user15,session_7800181258,rms_z,0,12.12020937074202,1.9166756461931278,1
user15,session_7800269296,rms_z,1,10.117165299597854,1.9166756461931278,1
user15,session_7818234002,rms_z,1,21.320791152916893,1.9166756461931278,1
user15,session_7944252331,rms_z,1,3.5630248224739924,1.9166756461931278,1
user15,session_7967310508,rms_z,0,8.033386563230078,1.9166756461931278,1
user15,session_7979911880,rms_z,0,9.299785883600704,1.9166756461931278,1
user15,session_7989414599,rms_z,1,7.94168491763061,1.9166756461931278,1
user15,session_8091715457,rms_z,1,21.0450530918113,1.9166756461931278,1
user15,session_8351091371,rms_z,1,9.171297700839162,1.9166756461931278,1
user15,session_8423329764,rms_z,0,24.583162145665085,1.9166756461931278,1
user15,session_8557723888,rms_z,1,5.5164763064287365,1.9166756461931278,1
user15,session_8671492463,rms_z,1,17.472675189677734,1.9166756461931278,1
user15,session_8691825471,rms_z,0,11.402083213347778,1.9166756461931278,1
user15,session_8740037149,rms_z,1,5.823342798965053,1.9166756461931278,1
user15,session_8769983957,rms_z,1,20.274675710531298,1.9166756461931278,1
user15,session_8934034457,rms_z,1,9.686627695541933,1.9166756461931278,1
user15,session_9411417025,rms_z,0,4.9972613084949735,1.9166756461931278,1
user15,session_9501338931,rms_z,1,6.148480872561105,1.9166756461931278,1
user15,session_9505884451,rms_z,0,5.084654298671771,1.9166756461931278,1
user15,session_9729063367,rms_z,0,24.81255701288421,1.9166756461931278,1
user15,session_9767538073,rms_z,1,9.699089927934347,1.9166756461931278,1
user15,session_9795347408,rms_z,1,7.562543788809336,1.9166756461931278,1
user15,session_9809839685,rms_z,0,15.304656415817412,1.9166756461931278,1
user15,session_9921687223,rms_z,0,17.855939673087413,1.9166756461931278,1
user15,session_9983042278,rms_z,1,15.086824694488802,1.9166756461931278,1
user15,session_0003960194,isolation_forest,1,0.44884141714376957,0.43515534412037604,1
user15,session_0128859274,isolation_forest,1,0.47034290788943683,0.43515534412037604,1
user15,session_0280517098,isolation_forest,1,0.44884141714376957,0.43515534412037604,1
user15,session_0305187451,isolation_forest,1,0.4729913525698814,0.43515534412037604,1
user15,session_0326724732,isolation_forest,1,0.46683470217299977,0.43515534412037604,1
user15,session_0510406466,isolation_forest,0,0.46335266355112803,0.43515534412037604,1
user15,session_0612796637,isolation_forest,1,0.4792291973251365,0.43515534412037604,1
user15,session_0647531474,isolation_forest,1,0.4650904242079781,0.43515534412037604,1
user15,session_0719528275,isolation_forest,1,0.4650904242079781,0.43515534412037604,1
user15,session_0797370695,isolation_forest,0,0.4388726539858627,0.43515534412037604,1
user15,session_0861337889,isolation_forest,1,0.4522144055228853,0.43515534412037604,1
user15,session_0864574884,isolation_forest,0,0.4547607707739353,0.43515534412037604,1
user15,session_1016856509,isolation_forest,0,0.4372328532250477,0.43515534412037604,1
user15,session_1149922141,isolation_forest,1,0.4801270083769097,0.43515534412037604,1
user15,session_1316321566,isolation_forest,1,0.45136878950052906,0.43515534412037604,1
user15,session_1324126678,isolation_forest,0,0.44716436916496943,0.43515534412037604,1
user15,session_1567411744,isolation_forest,0,0.4380519863037809,0.43515534412037604,1
user15,session_1618522149,isolation_forest,1,0.44716436916496943,0.43515534412037604,1
user15,session_1649882646,isolation_forest,1,0.4530616057630118,0.43515534412037604,1
user15,session_1750509621,isolation_forest,1,0.44382904812625984,0.43515534412037604,1
user15,session_1824070206,isolation_forest,0,0.4530616057630118,0.43515534412037604,1
user15,session_1854610785,isolation_forest,1,0.4694633925664938,0.43515534412037604,1
user15,session_1876247964,isolation_forest,0,0.44217072832852483,0.43515534412037604,1
user15,session_1968614536,isolation_forest,1,0.44800210842383836,0.43515534412037604,1
user15,session_2099251918,isolation_forest,0,0.4721068848013091,0.43515534412037604,1
user15,session_2203453961,isolation_forest,1,0.4738774773429559,0.43515534412037604,1
user15,session_2375808482,isolation_forest,1,0.46335266355112803,0.43515534412037604,1
user15,session_2613999059,isolation_forest,0,0.47476526222484455,0.43515534412037604,1
user15,session_2694965772,isolation_forest,1,0.4642207307401196,0.43515534412037604,1
user15,session_2730276507,isolation_forest,1,0.4522144055228853,0.43515534412037604,1
user15,session_2931074825,isolation_forest,1,0.4659617470014525,0.43515534412037604,1
user15,session_2953697423,isolation_forest,1,0.45136878950052906,0.43515534412037604,1
user15,session_3014121416,isolation_forest,1,0.4685855218887454,0.43515534412037604,1
user15,session_3051589624,isolation_forest,1,0.4738774773429559,0.43515534412037604,1
user15,session_3077149461,isolation_forest,1,0.47476526222484455,0.43515534412037604,1
user15,session_3102058551,isolation_forest,0,0.44716436916496943,0.43515534412037604,1
user15,session_3155649031,isolation_forest,1,0.44716436916496943,0.43515534412037604,1
user15,session_3343831517,isolation_forest,0,0.44466053883410867,0.43515534412037604,1
user15,session_3393326634,isolation_forest,0,0.4522144055228853,0.43515534412037604,1
user15,session_3603344105,isolation_forest,1,0.45646630834368435,0.43515534412037604,1
user15,session_3641521673,isolation_forest,0,0.4530616057630118,0.43515534412037604,1
user15,session_3704248627,isolation_forest,0,0.44217072832852483,0.43515534412037604,1
user15,session_3791802350,isolation_forest,1,0.44382904812625984,0.43515534412037604,1
user15,session_3814755566,isolation_forest,0,0.45391039318885845,0.43515534412037604,1
user15,session_3879503861,isolation_forest,0,0.4556127414973233,0.43515534412037604,1
user15,session_4098569257,isolation_forest,1,0.4783330651305628,0.43515534412037604,1
user15,session_4119002624,isolation_forest,0,0.44716436916496943,0.43515534412037604,1
user15,session_4290136840,isolation_forest,1,0.4547607707739353,0.43515534412037604,1
user15,session_4386624259,isolation_forest,1,0.46162139585122414,0.43515534412037604,1
user15,session_4480398495,isolation_forest,1,0.46335266355112803,0.43515534412037604,1
user15,session_4659905162,isolation_forest,0,0.44466053883410867,0.43515534412037604,1
user15,session_4687655362,isolation_forest,0,0.45817824237194266,0.43515534412037604,1
user15,session_4762909710,isolation_forest,1,0.4650904242079781,0.43515534412037604,1
user15,session_4896261465,isolation_forest,1,0.4756547103256753,0.43515534412037604,1
user15,session_5023081923,isolation_forest,1,0.471224070938732,0.43515534412037604,1
user15,session_5071023384,isolation_forest,1,0.4590366155511637,0.43515534412037604,1
user15,session_5269315187,isolation_forest,0,0.4530616057630118,0.43515534412037604,1
user15,session_5312030236,isolation_forest,1,0.48464135678405335,0.43515534412037604,1
user15,session_5594141097,isolation_forest,1,0.471224070938732,0.43515534412037604,1
user15,session_5695398064,isolation_forest,1,0.4685855218887454,0.43515534412037604,1
user15,session_5700842190,isolation_forest,0,0.44716436916496943,0.43515534412037604,1
user15,session_5806761857,isolation_forest,1,0.45817824237194266,0.43515534412037604,1
user15,session_5958053029,isolation_forest,1,0.46335266355112803,0.43515534412037604,1
user15,session_6102555994,isolation_forest,1,0.4547607707739353,0.43515534412037604,1
user15,session_6112730640,isolation_forest,0,0.4364152518800394,0.43515534412037604,1
user15,session_6189139492,isolation_forest,0,0.44716436916496943,0.43515534412037604,1
user15,session_6237417362,isolation_forest,1,0.44716436916496943,0.43515534412037604,1
user15,session_6303895598,isolation_forest,0,0.45732147430327225,0.43515534412037604,1
user15,session_6320970139,isolation_forest,1,0.46162139585122414,0.43515534412037604,1
user15,session_6349231133,isolation_forest,0,0.44382904812625984,0.43515534412037604,1
user15,session_6464183153,isolation_forest,1,0.46248621959995123,0.43515534412037604,1
user15,session_6509364535,isolation_forest,0,0.45136878950052906,0.43515534412037604,1
user15,session_6568302079,isolation_forest,1,0.4756547103256753,0.43515534412037604,1
user15,session_6657360579,isolation_forest,1,0.4530616057630118,0.43515534412037604,1
user15,session_6679825465,isolation_forest,0,0.44884141714376957,0.43515534412037604,1
user15,session_6705777193,isolation_forest,1,0.4556127414973233,0.43515534412037604,1
user15,session_6751955279,isolation_forest,1,0.46335266355112803,0.43515534412037604,1
user15,session_6869635181,isolation_forest,0,0.4388726539858627,0.43515534412037604,1
user15,session_6871552747,isolation_forest,1,0.4463281964323571,0.43515534412037604,1
user15,session_6873559742,isolation_forest,0,0.45136878950052906,0.43515534412037604,1
user15,session_6896514118,isolation_forest,1,0.4607581892752574,0.43515534412037604,1
user15,session_7035039573,isolation_forest,1,0.44217072832852483,0.43515534412037604,1
user15,session_7071815036,isolation_forest,0,0.4463281964323571,0.43515534412037604,1
user15,session_7096197451,isolation_forest,0,0.471224070938732,0.43515534412037604,1
user15,session_7323696974,isolation_forest,1,0.459896596848027,0.43515534412037604,1
user15,session_7331556356,isolation_forest,1,0.45391039318885845,0.43515534412037604,1
user15,session_7394343234,isolation_forest,0,0.43397160963155706,0.43515534412037604,0
user15,session_7471072415,isolation_forest,1,0.4642207307401196,0.43515534412037604,1
user15,session_7690305433,isolation_forest,0,0.46162139585122414,0.43515534412037604,1
user15,session_7779665504,isolation_forest,0,0.4380519863037809,0.43515534412037604,1
user15,session_7800181258,isolation_forest,0,0.46335266355112803,0.43515534412037604,1
user15,session_7800269296,isolation_forest,1,0.471224070938732,0.43515534412037604,1
user15,session_7818234002,isolation_forest,1,0.46248621959995123,0.43515534412037604,1
user15,session_7944252331,isolation_forest,1,0.4429991122602213,0.43515534412037604,1
user15,session_7967310508,isolation_forest,0,0.46248621959995123,0.43515534412037604,1
user15,session_7979911880,isolation_forest,0,0.4463281964323571,0.43515534412037604,1
user15,session_7989414599,isolation_forest,1,0.4738774773429559,0.43515534412037604,1
user15,session_8091715457,isolation_forest,1,0.4783330651305628,0.43515534412037604,1
user15,session_8351091371,isolation_forest,1,0.4756547103256753,0.43515534412037604,1
user15,session_8423329764,isolation_forest,0,0.46770929278079576,0.43515534412037604,1
user15,session_8557723888,isolation_forest,1,0.46683470217299977,0.43515534412037604,1
user15,session_8671492463,isolation_forest,1,0.46248621959995123,0.43515534412037604,1
user15,session_8691825471,isolation_forest,0,0.48645895868591194,0.43515534412037604,1
user15,session_8740037149,isolation_forest,1,0.4556127414973233,0.43515534412037604,1
user15,session_8769983957,isolation_forest,1,0.4556127414973233,0.43515534412037604,1
user15,session_8934034457,isolation_forest,1,0.45391039318885845,0.43515534412037604,1
user15,session_9411417025,isolation_forest,0,0.4429991122602213,0.43515534412037604,1
user15,session_9501338931,isolation_forest,1,0.46683470217299977,0.43515534412037604,1
user15,session_9505884451,isolation_forest,0,0.4659617470014525,0.43515534412037604,1
user15,session_9729063367,isolation_forest,0,0.45136878950052906,0.43515534412037604,1
user15,session_9767538073,isolation_forest,1,0.44466053883410867,0.43515534412037604,1
user15,session_9795347408,isolation_forest,1,0.47476526222484455,0.43515534412037604,1
user15,session_9809839685,isolation_forest,0,0.471224070938732,0.43515534412037604,1
user15,session_9921687223,isolation_forest,0,0.44217072832852483,0.43515534412037604,1
user15,session_9983042278,isolation_forest,1,0.4642207307401196,0.43515534412037604,1
user16,session_0005840196,rms_z,0,19.9858295266757,3.26392950674596,1
user16,session_0025450757,rms_z,0,13.672581563618984,3.26392950674596,1
user16,session_0064281061,rms_z,1,25.026727434630235,3.26392950674596,1
user16,session_0083463746,rms_z,0,15.585882535841453,3.26392950674596,1
user16,session_0148970615,rms_z,0,22.119337759500155,3.26392950674596,1
user16,session_0155746039,rms_z,0,15.967266869602863,3.26392950674596,1
user16,session_0223955219,rms_z,0,77.49387020115678,3.26392950674596,1
user16,session_0408822104,rms_z,1,112.62699386706882,3.26392950674596,1
user16,session_0482518942,rms_z,0,84.28291377397908,3.26392950674596,1
user16,session_0668352196,rms_z,1,16.015934991785016,3.26392950674596,1
user16,session_0770188364,rms_z,0,23.915108915605522,3.26392950674596,1
user16,session_0844521549,rms_z,0,11.731084771880486,3.26392950674596,1
user16,session_0859353781,rms_z,1,20.079532727120622,3.26392950674596,1
user16,session_0953745782,rms_z,1,4.863528299772612,3.26392950674596,1
user16,session_1256331958,rms_z,0,49.55276669118257,3.26392950674596,1
user16,session_1271171766,rms_z,1,35.548500665880965,3.26392950674596,1
user16,session_1386411131,rms_z,1,27.446404108202483,3.26392950674596,1
user16,session_1427407488,rms_z,0,4.4472160198241975,3.26392950674596,1
user16,session_1484409764,rms_z,0,59.025141987108825,3.26392950674596,1
user16,session_1535403881,rms_z,1,12.185614216721529,3.26392950674596,1
user16,session_1619535766,rms_z,0,18.82533819443001,3.26392950674596,1
user16,session_1653923890,rms_z,0,79.49016145436475,3.26392950674596,1
user16,session_1667382627,rms_z,0,37.435059422512715,3.26392950674596,1
user16,session_1717253391,rms_z,0,6.183841524620824,3.26392950674596,1
user16,session_1976172513,rms_z,1,6.42576339072496,3.26392950674596,1
user16,session_2083267904,rms_z,0,19.432079573212782,3.26392950674596,1
user16,session_2194913037,rms_z,0,6.430642260916968,3.26392950674596,1
user16,session_2494483407,rms_z,0,15.75085743359496,3.26392950674596,1
user16,session_2636442787,rms_z,0,21.284395283251435,3.26392950674596,1
user16,session_2683617861,rms_z,0,28.644221066476298,3.26392950674596,1
user16,session_2853115772,rms_z,1,14.46609898842511,3.26392950674596,1
user16,session_2926423726,rms_z,0,42.07013859288155,3.26392950674596,1
user16,session_2977418379,rms_z,1,166.6081854478966,3.26392950674596,1
user16,session_3067782503,rms_z,0,16.00271997396591,3.26392950674596,1
user16,session_3071944492,rms_z,0,53.61802124381604,3.26392950674596,1
user16,session_3206758270,rms_z,0,154.69848431564384,3.26392950674596,1
user16,session_3348997730,rms_z,0,33.94490003026899,3.26392950674596,1
user16,session_3349837388,rms_z,0,20.903565222190895,3.26392950674596,1
user16,session_3367539943,rms_z,0,7.824960589025767,3.26392950674596,1
user16,session_3573257812,rms_z,0,82.16321904807475,3.26392950674596,1
user16,session_3583196291,rms_z,0,10.707605642958802,3.26392950674596,1
user16,session_3656309644,rms_z,1,44.97134971084765,3.26392950674596,1
user16,session_3726985009,rms_z,0,35.25606647047274,3.26392950674596,1
user16,session_3735635217,rms_z,0,206.27907291555377,3.26392950674596,1
user16,session_3780421656,rms_z,0,6.421309279949329,3.26392950674596,1
user16,session_3974162531,rms_z,1,20.76449550790368,3.26392950674596,1
user16,session_4026966824,rms_z,1,11.809745039331577,3.26392950674596,1
user16,session_4098547958,rms_z,1,49.47303732580461,3.26392950674596,1
user16,session_4224530762,rms_z,0,119.48366223134818,3.26392950674596,1
user16,session_4238071281,rms_z,0,15.213259340528188,3.26392950674596,1
user16,session_4265171670,rms_z,1,5.174718374213431,3.26392950674596,1
user16,session_4360886220,rms_z,0,18.59967644450402,3.26392950674596,1
user16,session_4432555629,rms_z,1,7.093935603113882,3.26392950674596,1
user16,session_4506008213,rms_z,0,14.531656011340822,3.26392950674596,1
user16,session_4600074976,rms_z,0,18.881005554154132,3.26392950674596,1
user16,session_4615055511,rms_z,1,8.202748552003701,3.26392950674596,1
user16,session_4794437261,rms_z,1,23.895343832568802,3.26392950674596,1
user16,session_5030324559,rms_z,1,33.3642438477785,3.26392950674596,1
user16,session_5041518490,rms_z,1,93.1487457738222,3.26392950674596,1
user16,session_5127880135,rms_z,0,14.649647185898951,3.26392950674596,1
user16,session_5197680121,rms_z,1,35.41999921540211,3.26392950674596,1
user16,session_5319036655,rms_z,0,6.887977146504341,3.26392950674596,1
user16,session_5556934089,rms_z,1,73.57541845434828,3.26392950674596,1
user16,session_5572048254,rms_z,1,7.634375730585477,3.26392950674596,1
user16,session_5576759361,rms_z,0,8.489856597126904,3.26392950674596,1
user16,session_5685066201,rms_z,0,4.953911386948194,3.26392950674596,1
user16,session_5771275112,rms_z,0,21.01735666399908,3.26392950674596,1
user16,session_5823371082,rms_z,0,6.7416846767437795,3.26392950674596,1
user16,session_5889567297,rms_z,1,136.62880001474724,3.26392950674596,1
user16,session_5968190840,rms_z,0,12.97039618802332,3.26392950674596,1
user16,session_6088382546,rms_z,0,62.033735963446745,3.26392950674596,1
user16,session_6100708780,rms_z,0,44.70037605759735,3.26392950674596,1
user16,session_6119506741,rms_z,1,60.16249465040953,3.26392950674596,1
user16,session_6179037141,rms_z,1,122.96011302167089,3.26392950674596,1
user16,session_6775680298,rms_z,0,5.154173523511458,3.26392950674596,1
user16,session_6835145359,rms_z,0,17.18979034969027,3.26392950674596,1
user16,session_6915176151,rms_z,0,95.3082942879723,3.26392950674596,1
user16,session_7618706636,rms_z,0,5.505443099600317,3.26392950674596,1
user16,session_7744249581,rms_z,1,10.656125371115266,3.26392950674596,1
user16,session_7850373093,rms_z,0,5.930042234213313,3.26392950674596,1
user16,session_7986274484,rms_z,1,3.923175517485074,3.26392950674596,1
user16,session_7992883230,rms_z,1,8.114127404461165,3.26392950674596,1
user16,session_8069308945,rms_z,0,4.176711488971165,3.26392950674596,1
user16,session_8070684894,rms_z,1,98.52784410831767,3.26392950674596,1
user16,session_8115384066,rms_z,0,34.96372411196989,3.26392950674596,1
user16,session_8364143294,rms_z,1,9.58663234087977,3.26392950674596,1
user16,session_8389698709,rms_z,0,20.48246295249619,3.26392950674596,1
user16,session_8439483653,rms_z,0,7.832776531392548,3.26392950674596,1
user16,session_8583637812,rms_z,0,116.00740850329757,3.26392950674596,1
user16,session_8636893699,rms_z,0,9.815799838972707,3.26392950674596,1
user16,session_8653789319,rms_z,1,50.530573922930984,3.26392950674596,1
user16,session_8770654755,rms_z,0,6.295482363323592,3.26392950674596,1
user16,session_8776482178,rms_z,0,30.40259364852021,3.26392950674596,1
user16,session_8811009703,rms_z,0,59.70408623666258,3.26392950674596,1
user16,session_8819855375,rms_z,1,102.41395736127284,3.26392950674596,1
user16,session_8823455059,rms_z,1,9.593276164064516,3.26392950674596,1
user16,session_8857212561,rms_z,1,39.798431649488506,3.26392950674596,1
user16,session_8862058156,rms_z,1,62.50956648853952,3.26392950674596,1
user16,session_8884379611,rms_z,0,4.213309049136699,3.26392950674596,1
user16,session_9477322863,rms_z,0,35.086386128596786,3.26392950674596,1
user16,session_9705613967,rms_z,0,14.239963222922098,3.26392950674596,1
user16,session_9791921163,rms_z,0,56.93246894142758,3.26392950674596,1
user16,session_9794510496,rms_z,0,52.31088202572937,3.26392950674596,1
user16,session_9830083627,rms_z,1,66.6997881057167,3.26392950674596,1
user16,session_9877366244,rms_z,0,30.375559368684264,3.26392950674596,1
user16,session_9919383972,rms_z,0,17.912846476503958,3.26392950674596,1
user16,session_0005840196,isolation_forest,0,0.45732147430327225,0.4549791166126028,1
user16,session_0025450757,isolation_forest,0,0.5311913015892327,0.4549791166126028,1
user16,session_0064281061,isolation_forest,1,0.45732147430327225,0.4549791166126028,1
user16,session_0083463746,isolation_forest,0,0.48102650143113435,0.4549791166126028,1
user16,session_0148970615,isolation_forest,0,0.45817824237194266,0.4549791166126028,1
user16,session_0155746039,isolation_forest,0,0.45646630834368435,0.4549791166126028,1
user16,session_0223955219,isolation_forest,0,0.4331601066323815,0.4549791166126028,0
user16,session_0408822104,isolation_forest,1,0.5504215483585606,0.4549791166126028,1
user16,session_0482518942,isolation_forest,0,0.44968229826506695,0.4549791166126028,0
user16,session_0668352196,isolation_forest,1,0.43397160963155706,0.4549791166126028,0
user16,session_0770188364,isolation_forest,0,0.48283054615741877,0.4549791166126028,1
user16,session_0844521549,isolation_forest,0,0.4530616057630118,0.4549791166126028,0
user16,session_0859353781,isolation_forest,1,0.5341823762996079,0.4549791166126028,1
user16,session_0953745782,isolation_forest,1,0.46770929278079576,0.4549791166126028,1
user16,session_1256331958,isolation_forest,0,0.45052475473354303,0.4549791166126028,0
user16,session_1271171766,isolation_forest,1,0.4694633925664938,0.4549791166126028,1
user16,session_1386411131,isolation_forest,1,0.44051860466545745,0.4549791166126028,0
user16,session_1427407488,isolation_forest,0,0.4388726539858627,0.4549791166126028,0
user16,session_1484409764,isolation_forest,0,0.47034290788943683,0.4549791166126028,1
user16,session_1535403881,isolation_forest,1,0.459896596848027,0.4549791166126028,1
user16,session_1619535766,isolation_forest,0,0.4659617470014525,0.4549791166126028,1
user16,session_1653923890,isolation_forest,0,0.45817824237194266,0.4549791166126028,1
user16,session_1667382627,isolation_forest,0,0.4590366155511637,0.4549791166126028,1
user16,session_1717253391,isolation_forest,0,0.4685855218887454,0.4549791166126028,1
user16,session_1976172513,isolation_forest,1,0.44549358729668354,0.4549791166126028,0
user16,session_2083267904,isolation_forest,0,0.5371902933940663,0.4549791166126028,1
user16,session_2194913037,isolation_forest,0,0.44382904812625984,0.4549791166126028,0
user16,session_2494483407,isolation_forest,0,0.4522144055228853,0.4549791166126028,0
user16,session_2636442787,isolation_forest,0,0.4650904242079781,0.4549791166126028,1
user16,session_2683617861,isolation_forest,0,0.5174528898873719,0.4549791166126028,1
user16,session_2853115772,isolation_forest,1,0.44968229826506695,0.4549791166126028,0
user16,session_2926423726,isolation_forest,0,0.48645895868591194,0.4549791166126028,1
user16,session_2977418379,isolation_forest,1,0.4650904242079781,0.4549791166126028,1
user16,session_3067782503,isolation_forest,0,0.5262433486903504,0.4549791166126028,1
user16,session_3071944492,isolation_forest,0,0.4530616057630118,0.4549791166126028,0
user16,session_3206758270,isolation_forest,0,0.4855493072359367,0.4549791166126028,1
user16,session_3348997730,isolation_forest,0,0.44968229826506695,0.4549791166126028,0
user16,session_3349837388,isolation_forest,0,0.4463281964323571,0.4549791166126028,0
user16,session_3367539943,isolation_forest,0,0.4388726539858627,0.4549791166126028,0
user16,session_3573257812,isolation_forest,0,0.4819276796389547,0.4549791166126028,1
user16,session_3583196291,isolation_forest,0,0.44466053883410867,0.4549791166126028,0
user16,session_3656309644,isolation_forest,1,0.45646630834368435,0.4549791166126028,1
user16,session_3726985009,isolation_forest,0,0.5432570346190557,0.4549791166126028,1
user16,session_3735635217,isolation_forest,0,0.4801270083769097,0.4549791166126028,1
user16,session_3780421656,isolation_forest,0,0.46248621959995123,0.4549791166126028,1
user16,session_3974162531,isolation_forest,1,0.44800210842383836,0.4549791166126028,0
user16,session_4026966824,isolation_forest,1,0.46162139585122414,0.4549791166126028,1
user16,session_4098547958,isolation_forest,1,0.4729913525698814,0.4549791166126028,1
user16,session_4224530762,isolation_forest,0,0.4721068848013091,0.4549791166126028,1
user16,session_4238071281,isolation_forest,0,0.45136878950052906,0.4549791166126028,0
user16,session_4265171670,isolation_forest,1,0.44968229826506695,0.4549791166126028,0
user16,session_4360886220,isolation_forest,0,0.44968229826506695,0.4549791166126028,0
user16,session_4432555629,isolation_forest,1,0.5021863972576005,0.4549791166126028,1
user16,session_4506008213,isolation_forest,0,0.5078578231123426,0.4549791166126028,1
user16,session_4600074976,isolation_forest,0,0.4993744792697087,0.4549791166126028,1
user16,session_4615055511,isolation_forest,1,0.46683470217299977,0.4549791166126028,1
user16,session_4794437261,isolation_forest,1,0.4607581892752574,0.4549791166126028,1
user16,session_5030324559,isolation_forest,1,0.4694633925664938,0.4549791166126028,1
user16,session_5041518490,isolation_forest,1,0.44800210842383836,0.4549791166126028,0
user16,session_5127880135,isolation_forest,0,0.43559917940449827,0.4549791166126028,0
user16,session_5197680121,isolation_forest,1,0.4463281964323571,0.4549791166126028,0
user16,session_5319036655,isolation_forest,0,0.46770929278079576,0.4549791166126028,1
user16,session_5556934089,isolation_forest,1,0.48919815092156727,0.4549791166126028,1
user16,session_5572048254,isolation_forest,1,0.4659617470014525,0.4549791166126028,1
user16,session_5576759361,isolation_forest,0,0.5213414850964253,0.4549791166126028,1
user16,session_5685066201,isolation_forest,0,0.43969485914629286,0.4549791166126028,0
user16,session_5771275112,isolation_forest,0,0.44217072832852483,0.4549791166126028,0
user16,session_5823371082,isolation_forest,0,0.44968229826506695,0.4549791166126028,0
user16,session_5889567297,isolation_forest,1,0.459896596848027,0.4549791166126028,1
user16,session_5968190840,isolation_forest,0,0.5262433486903504,0.4549791166126028,1
user16,session_6088382546,isolation_forest,0,0.43969485914629286,0.4549791166126028,0
user16,session_6100708780,isolation_forest,0,0.4650904242079781,0.4549791166126028,1
user16,session_6119506741,isolation_forest,1,0.4685855218887454,0.4549791166126028,1
user16,session_6179037141,isolation_forest,1,0.4756547103256753,0.4549791166126028,1
user16,session_6775680298,isolation_forest,0,0.44549358729668354,0.4549791166126028,0
user16,session_6835145359,isolation_forest,0,0.505014148819491,0.4549791166126028,1
user16,session_6915176151,isolation_forest,0,0.47034290788943683,0.4549791166126028,1
user16,session_7618706636,isolation_forest,0,0.5012473363640418,0.4549791166126028,1
user16,session_7744249581,isolation_forest,1,0.4463281964323571,0.4549791166126028,0
user16,session_7850373093,isolation_forest,0,0.5232967273834579,0.4549791166126028,1
user16,session_7986274484,isolation_forest,1,0.42274762945304134,0.4549791166126028,0
user16,session_7992883230,isolation_forest,1,0.45391039318885845,0.4549791166126028,0
user16,session_8069308945,isolation_forest,0,0.5262433486903504,0.4549791166126028,1
user16,session_8070684894,isolation_forest,1,0.5155194824744996,0.4549791166126028,1
user16,session_8115384066,isolation_forest,0,0.5402151477100591,0.4549791166126028,1
user16,session_8364143294,isolation_forest,1,0.46770929278079576,0.4549791166126028,1
user16,session_8389698709,isolation_forest,0,0.4685855218887454,0.4549791166126028,1
user16,session_8439483653,isolation_forest,0,0.5193935483632036,0.4549791166126028,1
user16,session_8583637812,isolation_forest,0,0.4547607707739353,0.4549791166126028,0
user16,session_8636893699,isolation_forest,0,0.5164852814937443,0.4549791166126028,1
user16,session_8653789319,isolation_forest,1,0.4650904242079781,0.4549791166126028,1
user16,session_8770654755,isolation_forest,0,0.4331601066323815,0.4549791166126028,0
user16,session_8776482178,isolation_forest,0,0.5262433486903504,0.4549791166126028,1
user16,session_8811009703,isolation_forest,0,0.48919815092156727,0.4549791166126028,1
user16,session_8819855375,isolation_forest,1,0.5535209062893386,0.4549791166126028,1
user16,session_8823455059,isolation_forest,1,0.4607581892752574,0.4549791166126028,1
user16,session_8857212561,isolation_forest,1,0.4694633925664938,0.4549791166126028,1
user16,session_8862058156,isolation_forest,1,0.4819276796389547,0.4549791166126028,1
user16,session_8884379611,isolation_forest,0,0.44884141714376957,0.4549791166126028,0
user16,session_9477322863,isolation_forest,0,0.46162139585122414,0.4549791166126028,1
user16,session_9705613967,isolation_forest,0,0.44549358729668354,0.4549791166126028,0
user16,session_9791921163,isolation_forest,0,0.48373510414948895,0.4549791166126028,1
user16,session_9794510496,isolation_forest,0,0.46248621959995123,0.4549791166126028,1
user16,session_9830083627,isolation_forest,1,0.48283054615741877,0.4549791166126028,1
user16,session_9877366244,isolation_forest,0,0.48919815092156727,0.4549791166126028,1
user16,session_9919383972,isolation_forest,0,0.44884141714376957,0.4549791166126028,0
user20,session_0101735014,rms_z,0,6.089316369769778,7.921596155455627,0
user20,session_0379715237,rms_z,0,12.618322866918524,7.921596155455627,1
user20,session_0512046694,rms_z,1,11.249811083593286,7.921596155455627,1
user20,session_0593223632,rms_z,0,8.994255523335028,7.921596155455627,1
user20,session_0799578885,rms_z,0,7.669133281810588,7.921596155455627,0
user20,session_1273150073,rms_z,0,9.052303714456176,7.921596155455627,1
user20,session_1311858241,rms_z,0,8.30860503185487,7.921596155455627,1
user20,session_1468258531,rms_z,0,3.4974063718429216,7.921596155455627,0
user20,session_1868010893,rms_z,0,19.039123078832436,7.921596155455627,1
user20,session_1924699326,rms_z,0,6.675370501185191,7.921596155455627,0
user20,session_2320125003,rms_z,1,6.904435759681726,7.921596155455627,0
user20,session_2336058051,rms_z,1,8.20179265060793,7.921596155455627,1
user20,session_2368259027,rms_z,1,9.504822706648376,7.921596155455627,1
user20,session_2532367006,rms_z,0,2.0909918623561374,7.921596155455627,0
user20,session_2861116304,rms_z,0,12.654124807662,7.921596155455627,1
user20,session_3005678154,rms_z,1,9.311675336108618,7.921596155455627,1
user20,session_3236365486,rms_z,1,5.974918730647157,7.921596155455627,0
user20,session_3379861047,rms_z,1,7.0942874109569996,7.921596155455627,0
user20,session_3482932637,rms_z,0,3.890196232800715,7.921596155455627,0
user20,session_3659572440,rms_z,0,3.3920949685250545,7.921596155455627,0
user20,session_3684692596,rms_z,0,17.24826346129665,7.921596155455627,1
user20,session_4254477956,rms_z,1,7.149595354392612,7.921596155455627,0
user20,session_4339216244,rms_z,0,5.4105662573256765,7.921596155455627,0
user20,session_4804227584,rms_z,0,14.893211787711898,7.921596155455627,1
user20,session_5205618080,rms_z,1,55.043692110315945,7.921596155455627,1
user20,session_5291244662,rms_z,0,7.487657916697701,7.921596155455627,0
user20,session_5321706137,rms_z,0,2.684493399100489,7.921596155455627,0
user20,session_5340758381,rms_z,0,5.708284377528132,7.921596155455627,0
user20,session_5445638904,rms_z,1,6.6755610393003195,7.921596155455627,0
user20,session_5453779030,rms_z,1,8.850787662312861,7.921596155455627,1
user20,session_5938861210,rms_z,0,2.2945323660920365,7.921596155455627,0
user20,session_5982655120,rms_z,0,2.0018258728484635,7.921596155455627,0
user20,session_6555326593,rms_z,0,7.848027431838992,7.921596155455627,0
user20,session_6706849000,rms_z,1,9.497727514919587,7.921596155455627,1
user20,session_6710819502,rms_z,0,7.740290715109653,7.921596155455627,0
user20,session_7259628766,rms_z,0,9.59154636940769,7.921596155455627,1
user20,session_7589485664,rms_z,0,11.548288121234132,7.921596155455627,1
user20,session_8348355115,rms_z,0,21.386564559625636,7.921596155455627,1
user20,session_8627857957,rms_z,1,7.46620323733039,7.921596155455627,0
user20,session_8658186994,rms_z,1,29.87718972324595,7.921596155455627,1
user20,session_8687623726,rms_z,1,9.571704057828097,7.921596155455627,1
user20,session_8833850952,rms_z,1,7.566859851933074,7.921596155455627,0
user20,session_9064183032,rms_z,0,2.2113288865951537,7.921596155455627,0
user20,session_9086606611,rms_z,0,9.350518488563461,7.921596155455627,1
user20,session_9160177818,rms_z,1,11.076972684909505,7.921596155455627,1
user20,session_9395770534,rms_z,0,12.775598535423944,7.921596155455627,1
user20,session_9646127676,rms_z,1,6.132222662239939,7.921596155455627,0
user20,session_9708106289,rms_z,1,11.214679266101465,7.921596155455627,1
user20,session_9740386657,rms_z,0,4.255558099611538,7.921596155455627,0
user20,session_9753314758,rms_z,1,13.573829758692458,7.921596155455627,1
user20,session_0101735014,isolation_forest,0,0.463017043466279,0.5307364176977576,0
user20,session_0379715237,isolation_forest,0,0.44742500055462003,0.5307364176977576,0
user20,session_0512046694,isolation_forest,1,0.49955637982770845,0.5307364176977576,0
user20,session_0593223632,isolation_forest,0,0.4650904485295843,0.5307364176977576,0
user20,session_0799578885,isolation_forest,0,0.47986659906219575,0.5307364176977576,0
user20,session_1273150073,isolation_forest,0,0.4527878474738736,0.5307364176977576,0
user20,session_1311858241,isolation_forest,0,0.4588979222772412,0.5307364176977576,0
user20,session_1468258531,isolation_forest,0,0.45549332770040135,0.5307364176977576,0
user20,session_1868010893,isolation_forest,0,0.4408106755754686,0.5307364176977576,0
user20,session_1924699326,isolation_forest,0,0.4447674435318509,0.5307364176977576,0
user20,session_2320125003,isolation_forest,1,0.4720690893423505,0.5307364176977576,0
user20,session_2336058051,isolation_forest,1,0.4637071494047135,0.5307364176977576,0
user20,session_2368259027,isolation_forest,1,0.46163991118361836,0.5307364176977576,0
user20,session_2532367006,isolation_forest,0,0.4480918672590837,0.5307364176977576,0
user20,session_2861116304,isolation_forest,0,0.4507692882484076,0.5307364176977576,0
user20,session_3005678154,isolation_forest,1,0.46095288178470745,0.5307364176977576,0
user20,session_3236365486,isolation_forest,1,0.46163991118361836,0.5307364176977576,0
user20,session_3379861047,isolation_forest,1,0.46926515455538304,0.5307364176977576,0
user20,session_3482932637,isolation_forest,0,0.4408106755754686,0.5307364176977576,0
user20,session_3659572440,isolation_forest,0,0.4507692882484076,0.5307364176977576,0
user20,session_3684692596,isolation_forest,0,0.4643982839148022,0.5307364176977576,0
user20,session_4254477956,isolation_forest,1,0.46232796456874053,0.5307364176977576,0
user20,session_4339216244,isolation_forest,0,0.43688910806572057,0.5307364176977576,0
user20,session_4804227584,isolation_forest,0,0.45549332770040135,0.5307364176977576,0
user20,session_5205618080,isolation_forest,1,0.46095288178470745,0.5307364176977576,0
user20,session_5291244662,isolation_forest,0,0.46232796456874053,0.5307364176977576,0
user20,session_5321706137,isolation_forest,0,0.4568521239199579,0.5307364176977576,0
user20,session_5340758381,isolation_forest,0,0.44742500055462003,0.5307364176977576,0
user20,session_5445638904,isolation_forest,1,0.4678694387764822,0.5307364176977576,0
user20,session_5453779030,isolation_forest,1,0.45617221988115164,0.5307364176977576,0
user20,session_5938861210,isolation_forest,0,0.4507692882484076,0.5307364176977576,0
user20,session_5982655120,isolation_forest,0,0.4454303492679029,0.5307364176977576,0
user20,session_6555326593,isolation_forest,0,0.4588979222772412,0.5307364176977576,0
user20,session_6706849000,isolation_forest,1,0.47915244403979773,0.5307364176977576,0
user20,session_6710819502,isolation_forest,0,0.46163991118361836,0.5307364176977576,0
user20,session_7259628766,isolation_forest,0,0.47277268694529767,0.5307364176977576,0
user20,session_7589485664,isolation_forest,0,0.4487597278981753,0.5307364176977576,0
user20,session_8348355115,isolation_forest,0,0.46163991118361836,0.5307364176977576,0
user20,session_8627857957,isolation_forest,1,0.47559757980253525,0.5307364176977576,0
user20,session_8658186994,isolation_forest,1,0.4595818888520523,0.5307364176977576,0
user20,session_8687623726,isolation_forest,1,0.45413857289177323,0.5307364176977576,0
user20,session_8833850952,isolation_forest,1,0.4650904485295843,0.5307364176977576,0
user20,session_9064183032,isolation_forest,0,0.4914389244037847,0.5307364176977576,0
user20,session_9086606611,isolation_forest,0,0.4678694387764822,0.5307364176977576,0
user20,session_9160177818,isolation_forest,1,0.5262874480247489,0.5307364176977576,0
user20,session_9395770534,isolation_forest,0,0.4527878474738736,0.5307364176977576,0
user20,session_9646127676,isolation_forest,1,0.4820154569719568,0.5307364176977576,0
user20,session_9708106289,isolation_forest,1,0.452113992039913,0.5307364176977576,0
user20,session_9740386657,isolation_forest,0,0.43107207338007336,0.5307364176977576,0
user20,session_9753314758,isolation_forest,1,0.4678694387764822,0.5307364176977576,0
user21,session_0080153528,rms_z,1,4.739369312063885,1.5192889251721504,1
user21,session_0200062241,rms_z,0,50.327462635449514,1.5192889251721504,1
user21,session_0334337435,rms_z,0,37.25342288733399,1.5192889251721504,1
user21,session_0477165267,rms_z,0,23.74454490673033,1.5192889251721504,1
user21,session_0486100880,rms_z,1,43.74440580956345,1.5192889251721504,1
user21,session_0489826159,rms_z,0,13.137178401898991,1.5192889251721504,1
user21,session_0733542929,rms_z,1,5.421076608040248,1.5192889251721504,1
user21,session_0900979755,rms_z,0,31.619601597651407,1.5192889251721504,1
user21,session_1065465945,rms_z,0,44.407450049768705,1.5192889251721504,1
user21,session_1193964670,rms_z,0,34.06770632665208,1.5192889251721504,1
user21,session_1376706431,rms_z,1,14.18841972057689,1.5192889251721504,1
user21,session_1809941518,rms_z,0,8.42937412694583,1.5192889251721504,1
user21,session_2037079652,rms_z,1,14.027137781769147,1.5192889251721504,1
user21,session_2305469177,rms_z,1,5.886869313461433,1.5192889251721504,1
user21,session_2383353199,rms_z,1,6.9874009908448915,1.5192889251721504,1
user21,session_2472958094,rms_z,0,74.39451278745528,1.5192889251721504,1
user21,session_2476629136,rms_z,0,10.818913827287094,1.5192889251721504,1
user21,session_2547686354,rms_z,1,26.79417923685221,1.5192889251721504,1
user21,session_2681498481,rms_z,0,34.34043517244519,1.5192889251721504,1
user21,session_2776997709,rms_z,0,18.97128952027874,1.5192889251721504,1
user21,session_2778964895,rms_z,0,8.63100365468167,1.5192889251721504,1
user21,session_3290502212,rms_z,0,7.485112413135884,1.5192889251721504,1
user21,session_3318991223,rms_z,0,24.650488450352427,1.5192889251721504,1
user21,session_3382231612,rms_z,0,5.021761341895875,1.5192889251721504,1
user21,session_3473124800,rms_z,0,33.68043700368187,1.5192889251721504,1
user21,session_3567705649,rms_z,1,111.47658790994967,1.5192889251721504,1
user21,session_3735387695,rms_z,1,74.7332666550695,1.5192889251721504,1
user21,session_3985625607,rms_z,0,7.412359633621256,1.5192889251721504,1
user21,session_4282931799,rms_z,0,3.895684107997826,1.5192889251721504,1
user21,session_4741380705,rms_z,0,36.38384375901519,1.5192889251721504,1
user21,session_4803913319,rms_z,0,8.256046763675238,1.5192889251721504,1
user21,session_4873496968,rms_z,0,49.774263795590876,1.5192889251721504,1
user21,session_5035531254,rms_z,1,46.85648946925438,1.5192889251721504,1
user21,session_5158497089,rms_z,0,21.676532506610666,1.5192889251721504,1
user21,session_5226344095,rms_z,1,45.80619416593279,1.5192889251721504,1
user21,session_5764163634,rms_z,0,19.353871425866863,1.5192889251721504,1
user21,session_5896454946,rms_z,0,300.0292563534908,1.5192889251721504,1
user21,session_6350129821,rms_z,0,72.51897761574455,1.5192889251721504,1
user21,session_6410652005,rms_z,1,19.36915011152991,1.5192889251721504,1
user21,session_6723163956,rms_z,1,9.173358468805349,1.5192889251721504,1
user21,session_6747468371,rms_z,0,44.622360172703615,1.5192889251721504,1
user21,session_6803917267,rms_z,1,6.638432377969927,1.5192889251721504,1
user21,session_6891188294,rms_z,1,27.099906872106214,1.5192889251721504,1
user21,session_6905592155,rms_z,0,22.574128701882437,1.5192889251721504,1
user21,session_7053852427,rms_z,1,7.082793781468369,1.5192889251721504,1
user21,session_7208965815,rms_z,0,13.902952272382437,1.5192889251721504,1
user21,session_7288721890,rms_z,0,7.5169929401230755,1.5192889251721504,1
user21,session_7756203951,rms_z,1,13.300522380269808,1.5192889251721504,1
user21,session_7800887945,rms_z,1,8.418105814810325,1.5192889251721504,1
user21,session_7953065762,rms_z,0,5.389252483977286,1.5192889251721504,1
user21,session_8067504883,rms_z,0,6.082730891764553,1.5192889251721504,1
user21,session_8452199606,rms_z,0,15.256229303217472,1.5192889251721504,1
user21,session_8456906043,rms_z,1,45.64775017910074,1.5192889251721504,1
user21,session_8534613968,rms_z,0,9.929558826603596,1.5192889251721504,1
user21,session_8675020847,rms_z,1,117.47728670378396,1.5192889251721504,1
user21,session_8957360206,rms_z,1,54.527877994889934,1.5192889251721504,1
user21,session_9814859818,rms_z,0,8.917814171056008,1.5192889251721504,1
user21,session_9913386649,rms_z,0,28.512911096454555,1.5192889251721504,1
user21,session_9938110038,rms_z,0,15.046985827426566,1.5192889251721504,1
user21,session_0080153528,isolation_forest,1,0.4507692882484076,0.5136283335235483,0
user21,session_0200062241,isolation_forest,0,0.43494142650908924,0.5136283335235483,0
user21,session_0334337435,isolation_forest,0,0.46647787421681536,0.5136283335235483,0
user21,session_0477165267,isolation_forest,0,0.47066503393714837,0.5136283335235483,0
user21,session_0486100880,isolation_forest,1,0.460266874848074,0.5136283335235483,0
user21,session_0489826159,isolation_forest,0,0.45617221988115164,0.5136283335235483,0
user21,session_0733542929,isolation_forest,1,0.4575330413249488,0.5136283335235483,0
user21,session_0900979755,isolation_forest,0,0.46095288178470745,0.5136283335235483,0
user21,session_1065465945,isolation_forest,0,0.4588979222772412,0.5136283335235483,0
user21,session_1193964670,isolation_forest,0,0.46163991118361836,0.5136283335235483,0
user21,session_1376706431,isolation_forest,1,0.4487597278981753,0.5136283335235483,0
user21,session_1809941518,isolation_forest,0,0.4595818888520523,0.5136283335235483,0
user21,session_2037079652,isolation_forest,1,0.45821497360650065,0.5136283335235483,0
user21,session_2305469177,isolation_forest,1,0.469964573020489,0.5136283335235483,0
user21,session_2383353199,isolation_forest,1,0.5177356307083835,0.5136283335235483,1
user21,session_2472958094,isolation_forest,0,0.452113992039913,0.5136283335235483,0
user21,session_2476629136,isolation_forest,0,0.45413857289177323,0.5136283335235483,0
user21,session_2547686354,isolation_forest,1,0.47066503393714837,0.5136283335235483,0
user21,session_2681498481,isolation_forest,0,0.4650904485295843,0.5136283335235483,0
user21,session_2776997709,isolation_forest,0,0.4657836447843845,0.5136283335235483,0
user21,session_2778964895,isolation_forest,0,0.4388455114023774,0.5136283335235483,0
user21,session_3290502212,isolation_forest,0,0.4514411394622535,0.5136283335235483,0
user21,session_3318991223,isolation_forest,0,0.4637071494047135,0.5136283335235483,0
user21,session_3382231612,isolation_forest,0,0.44742500055462003,0.5136283335235483,0
user21,session_3473124800,isolation_forest,0,0.4480918672590837,0.5136283335235483,0
user21,session_3567705649,isolation_forest,1,0.4671731383667813,0.5136283335235483,0
user21,session_3735387695,isolation_forest,1,0.47418302975531,0.5136283335235483,0
user21,session_3985625607,isolation_forest,0,0.43688910806572057,0.5136283335235483,0
user21,session_4282931799,isolation_forest,0,0.4595818888520523,0.5136283335235483,0
user21,session_4741380705,isolation_forest,0,0.43688910806572057,0.5136283335235483,0
user21,session_4803913319,isolation_forest,0,0.425966429415466,0.5136283335235483,0
user21,session_4873496968,isolation_forest,0,0.452113992039913,0.5136283335235483,0
user21,session_5035531254,isolation_forest,1,0.4527878474738736,0.5136283335235483,0
user21,session_5158497089,isolation_forest,0,0.44742500055462003,0.5136283335235483,0
user21,session_5226344095,isolation_forest,1,0.453462707258847,0.5136283335235483,0
user21,session_5764163634,isolation_forest,0,0.46163991118361836,0.5136283335235483,0
user21,session_5896454946,isolation_forest,0,0.45617221988115164,0.5136283335235483,0
user21,session_6350129821,isolation_forest,0,0.46647787421681536,0.5136283335235483,0
user21,session_6410652005,isolation_forest,1,0.43819240546285737,0.5136283335235483,0
user21,session_6723163956,isolation_forest,1,0.49437535103258745,0.5136283335235483,0
user21,session_6747468371,isolation_forest,0,0.4527878474738736,0.5136283335235483,0
user21,session_6803917267,isolation_forest,1,0.4548154458718229,0.5136283335235483,0
user21,session_6891188294,isolation_forest,1,0.46232796456874053,0.5136283335235483,0
user21,session_6905592155,isolation_forest,0,0.44410552435635886,0.5136283335235483,0
user21,session_7053852427,isolation_forest,1,0.46095288178470745,0.5136283335235483,0
user21,session_7208965815,isolation_forest,0,0.4375402714994819,0.5136283335235483,0
user21,session_7288721890,isolation_forest,0,0.4388455114023774,0.5136283335235483,0
user21,session_7756203951,isolation_forest,1,0.4637071494047135,0.5136283335235483,0
user21,session_7800887945,isolation_forest,1,0.4678694387764822,0.5136283335235483,0
user21,session_7953065762,isolation_forest,0,0.4514411394622535,0.5136283335235483,0
user21,session_8067504883,isolation_forest,0,0.48634208384445193,0.5136283335235483,0
user21,session_8452199606,isolation_forest,0,0.4657836447843845,0.5136283335235483,0
user21,session_8456906043,isolation_forest,1,0.4568521239199579,0.5136283335235483,0
user21,session_8534613968,isolation_forest,0,0.4548154458718229,0.5136283335235483,0
user21,session_8675020847,isolation_forest,1,0.46163991118361836,0.5136283335235483,0
user21,session_8957360206,isolation_forest,1,0.46163991118361836,0.5136283335235483,0
user21,session_9814859818,isolation_forest,0,0.45413857289177323,0.5136283335235483,0
user21,session_9913386649,isolation_forest,0,0.45617221988115164,0.5136283335235483,0
user21,session_9938110038,isolation_forest,0,0.4595818888520523,0.5136283335235483,0
user23,session_0071280153,rms_z,0,34.09851254371954,4.557037349529571,1
user23,session_0139259699,rms_z,0,11.42783558146222,4.557037349529571,1
user23,session_0542118784,rms_z,1,26.01544533982199,4.557037349529571,1
user23,session_0590731055,rms_z,1,11.344794728913394,4.557037349529571,1
user23,session_0697506648,rms_z,0,30.991221864307125,4.557037349529571,1
user23,session_0750796173,rms_z,1,8.367151088255019,4.557037349529571,1
user23,session_1414301302,rms_z,1,43.59512926095483,4.557037349529571,1
user23,session_1581692104,rms_z,1,14.704006392296437,4.557037349529571,1
user23,session_1783392506,rms_z,0,7.641311718565047,4.557037349529571,1
user23,session_1799284692,rms_z,1,108.64066183197366,4.557037349529571,1
user23,session_2020107805,rms_z,1,7.740078806213464,4.557037349529571,1
user23,session_2222178768,rms_z,1,9.377278465927454,4.557037349529571,1
user23,session_2676613576,rms_z,0,27.08467726891033,4.557037349529571,1
user23,session_2806235778,rms_z,0,57.26656920123252,4.557037349529571,1
user23,session_2887480941,rms_z,0,28.059708452097933,4.557037349529571,1
user23,session_3173348385,rms_z,0,12.062988954804924,4.557037349529571,1
user23,session_3193098342,rms_z,0,15.725582942156736,4.557037349529571,1
user23,session_3436410606,rms_z,1,8.432505033683755,4.557037349529571,1
user23,session_3496233301,rms_z,1,42.47547228365009,4.557037349529571,1
user23,session_3760606976,rms_z,1,15.731974304900273,4.557037349529571,1
user23,session_3777853846,rms_z,0,28.916093428338918,4.557037349529571,1
user23,session_3922157039,rms_z,1,19.394741985770438,4.557037349529571,1
user23,session_4088744338,rms_z,0,92.33264999778882,4.557037349529571,1
user23,session_4144841412,rms_z,1,8.63481498761222,4.557037349529571,1
user23,session_4185228735,rms_z,1,12.48265331964925,4.557037349529571,1
user23,session_4199921692,rms_z,0,136.9198495243648,4.557037349529571,1
user23,session_4354218638,rms_z,0,7.716397695349189,4.557037349529571,1
user23,session_4484768740,rms_z,0,12.943166010292678,4.557037349529571,1
user23,session_4736309542,rms_z,0,10.209053363134343,4.557037349529571,1
user23,session_4998803513,rms_z,0,51.350390731698646,4.557037349529571,1
user23,session_5090921415,rms_z,0,59.6480005651398,4.557037349529571,1
user23,session_5130764696,rms_z,0,29.717251159463515,4.557037349529571,1
user23,session_5138848212,rms_z,1,9.137286865837865,4.557037349529571,1
user23,session_5222969532,rms_z,0,32.67525971651659,4.557037349529571,1
user23,session_5536570637,rms_z,1,30.734768237495558,4.557037349529571,1
user23,session_5567012419,rms_z,0,9.772979186697135,4.557037349529571,1
user23,session_5652085012,rms_z,1,11.546914139999709,4.557037349529571,1
user23,session_5653345386,rms_z,1,10.308259306402594,4.557037349529571,1
user23,session_5760480696,rms_z,0,29.580585293536785,4.557037349529571,1
user23,session_5796305508,rms_z,0,72.87049186812563,4.557037349529571,1
user23,session_5938044199,rms_z,0,19.813805635528038,4.557037349529571,1
user23,session_5967488943,rms_z,1,34.91439754046882,4.557037349529571,1
user23,session_6120487222,rms_z,0,7.7930309096003425,4.557037349529571,1
user23,session_6200753435,rms_z,1,11.00787906635453,4.557037349529571,1
user23,session_6479783256,rms_z,0,9.193113231477744,4.557037349529571,1
user23,session_6529033101,rms_z,0,15.687849191366377,4.557037349529571,1
user23,session_6575637744,rms_z,0,32.61749674853604,4.557037349529571,1
user23,session_7131856482,rms_z,0,68.89703904625212,4.557037349529571,1
user23,session_7144916399,rms_z,1,16.472935382703277,4.557037349529571,1
user23,session_7398972341,rms_z,1,40.68395045757119,4.557037349529571,1
user23,session_7434938340,rms_z,1,11.047056554515668,4.557037349529571,1
user23,session_7756346661,rms_z,0,8.40881151464323,4.557037349529571,1
user23,session_7760528986,rms_z,0,7.030973068077976,4.557037349529571,1
user23,session_7778589669,rms_z,0,19.73404871998387,4.557037349529571,1
user23,session_8055688583,rms_z,0,12.167814983412823,4.557037349529571,1
user23,session_8297767726,rms_z,0,40.049838652983205,4.557037349529571,1
user23,session_8301590977,rms_z,0,7.314784861285532,4.557037349529571,1
user23,session_8427974282,rms_z,1,16.70426389815233,4.557037349529571,1
user23,session_8431086878,rms_z,1,8.056450555730269,4.557037349529571,1
user23,session_8831138885,rms_z,1,213.11202541925564,4.557037349529571,1
user23,session_8916797638,rms_z,1,9.43604085216355,4.557037349529571,1
user23,session_9034407980,rms_z,1,31.494537242907295,4.557037349529571,1
user23,session_9038755287,rms_z,0,39.57624438269234,4.557037349529571,1
user23,session_9127984644,rms_z,1,8.07342796603143,4.557037349529571,1
user23,session_9307936288,rms_z,1,8.838214070970878,4.557037349529571,1
user23,session_9579651012,rms_z,1,9.857885098767168,4.557037349529571,1
user23,session_9648839315,rms_z,0,19.86651670288589,4.557037349529571,1
user23,session_9759261305,rms_z,1,11.289744171726646,4.557037349529571,1
user23,session_9787004965,rms_z,1,12.617314555098176,4.557037349529571,1
user23,session_9896236015,rms_z,0,77.62283198809435,4.557037349529571,1
user23,session_9956793065,rms_z,0,65.25193162156442,4.557037349529571,1
user23,session_0071280153,isolation_forest,0,0.48645895868591194,0.4625851357947635,1
user23,session_0139259699,isolation_forest,0,0.5107175097951494,0.4625851357947635,1
user23,session_0542118784,isolation_forest,1,0.4919527672212056,0.4625851357947635,1
user23,session_0590731055,isolation_forest,1,0.44716436916496943,0.4625851357947635,0
user23,session_0697506648,isolation_forest,0,0.4947228944358872,0.4625851357947635,1
user23,session_0750796173,isolation_forest,1,0.45817824237194266,0.4625851357947635,0
user23,session_1414301302,isolation_forest,1,0.45136878950052906,0.4625851357947635,0
user23,session_1581692104,isolation_forest,1,0.5107175097951494,0.4625851357947635,1
user23,session_1783392506,isolation_forest,0,0.4919527672212056,0.4625851357947635,1
user23,session_1799284692,isolation_forest,1,0.48102650143113435,0.4625851357947635,1
user23,session_2020107805,isolation_forest,1,0.4993744792697087,0.4625851357947635,1
user23,session_2222178768,isolation_forest,1,0.4756547103256753,0.4625851357947635,1
user23,session_2676613576,isolation_forest,0,0.5145554894462077,0.4625851357947635,1
user23,session_2806235778,isolation_forest,0,0.4783330651305628,0.4625851357947635,1
user23,session_2887480941,isolation_forest,0,0.4919527672212056,0.4625851357947635,1
user23,session_3173348385,isolation_forest,0,0.4694633925664938,0.4625851357947635,1
user23,session_3193098342,isolation_forest,0,0.4738774773429559,0.4625851357947635,1
user23,session_3436410606,isolation_forest,1,0.48464135678405335,0.4625851357947635,1
user23,session_3496233301,isolation_forest,1,0.4607581892752574,0.4625851357947635,0
user23,session_3760606976,isolation_forest,1,0.5097624961911902,0.4625851357947635,1
user23,session_3777853846,isolation_forest,0,0.4947228944358872,0.4625851357947635,1
user23,session_3922157039,isolation_forest,1,0.45391039318885845,0.4625851357947635,0
user23,session_4088744338,isolation_forest,0,0.5097624961911902,0.4625851357947635,1
user23,session_4144841412,isolation_forest,1,0.46335266355112803,0.4625851357947635,1
user23,session_4185228735,isolation_forest,1,0.4721068848013091,0.4625851357947635,1
user23,session_4199921692,isolation_forest,0,0.5078578231123426,0.4625851357947635,1
user23,session_4354218638,isolation_forest,0,0.49379778988138334,0.4625851357947635,1
user23,session_4484768740,isolation_forest,0,0.4910328426519656,0.4625851357947635,1
user23,session_4736309542,isolation_forest,0,0.5021863972576005,0.4625851357947635,1
user23,session_4998803513,isolation_forest,0,0.5059602666408649,0.4625851357947635,1
user23,session_5090921415,isolation_forest,0,0.4928744152214254,0.4625851357947635,1
user23,session_5130764696,isolation_forest,0,0.4928744152214254,0.4625851357947635,1
user23,session_5138848212,isolation_forest,1,0.5069081569649181,0.4625851357947635,1
user23,session_5222969532,isolation_forest,0,0.5069081569649181,0.4625851357947635,1
user23,session_5536570637,isolation_forest,1,0.4910328426519656,0.4625851357947635,1
user23,session_5567012419,isolation_forest,0,0.5069081569649181,0.4625851357947635,1
user23,session_5652085012,isolation_forest,1,0.48102650143113435,0.4625851357947635,1
user23,session_5653345386,isolation_forest,1,0.45817824237194266,0.4625851357947635,0
user23,session_5760480696,isolation_forest,0,0.5078578231123426,0.4625851357947635,1
user23,session_5796305508,isolation_forest,0,0.5078578231123426,0.4625851357947635,1
user23,session_5938044199,isolation_forest,0,0.48645895868591194,0.4625851357947635,1
user23,session_5967488943,isolation_forest,1,0.44800210842383836,0.4625851357947635,0
user23,session_6120487222,isolation_forest,0,0.5012473363640418,0.4625851357947635,1
user23,session_6200753435,isolation_forest,1,0.49379778988138334,0.4625851357947635,1
user23,session_6479783256,isolation_forest,0,0.5135932990317649,0.4625851357947635,1
user23,session_6529033101,isolation_forest,0,0.4607581892752574,0.4625851357947635,0
user23,session_6575637744,isolation_forest,0,0.47654582476140245,0.4625851357947635,1
user23,session_7131856482,isolation_forest,0,0.5012473363640418,0.4625851357947635,1
user23,session_7144916399,isolation_forest,1,0.4694633925664938,0.4625851357947635,1
user23,session_7398972341,isolation_forest,1,0.4650904242079781,0.4625851357947635,1
user23,session_7434938340,isolation_forest,1,0.4947228944358872,0.4625851357947635,1
user23,session_7756346661,isolation_forest,0,0.48828337733303456,0.4625851357947635,1
user23,session_7760528986,isolation_forest,0,0.4947228944358872,0.4625851357947635,1
user23,session_7778589669,isolation_forest,0,0.48645895868591194,0.4625851357947635,1
user23,session_8055688583,isolation_forest,0,0.4947228944358872,0.4625851357947635,1
user23,session_8297767726,isolation_forest,0,0.47034290788943683,0.4625851357947635,1
user23,session_8301590977,isolation_forest,0,0.4792291973251365,0.4625851357947635,1
user23,session_8427974282,isolation_forest,1,0.46683470217299977,0.4625851357947635,1
user23,session_8431086878,isolation_forest,1,0.45732147430327225,0.4625851357947635,0
user23,session_8831138885,isolation_forest,1,0.46248621959995123,0.4625851357947635,0
user23,session_8916797638,isolation_forest,1,0.4774386086538181,0.4625851357947635,1
user23,session_9034407980,isolation_forest,1,0.48464135678405335,0.4625851357947635,1
user23,session_9038755287,isolation_forest,0,0.5078578231123426,0.4625851357947635,1
user23,session_9127984644,isolation_forest,1,0.5184223110451519,0.4625851357947635,1
user23,session_9307936288,isolation_forest,1,0.4729913525698814,0.4625851357947635,1
user23,session_9579651012,isolation_forest,1,0.4685855218887454,0.4625851357947635,1
user23,session_9648839315,isolation_forest,0,0.4819276796389547,0.4625851357947635,1
user23,session_9759261305,isolation_forest,1,0.46770929278079576,0.4625851357947635,1
user23,session_9787004965,isolation_forest,1,0.471224070938732,0.4625851357947635,1
user23,session_9896236015,isolation_forest,0,0.5116743125675753,0.4625851357947635,1
user23,session_9956793065,isolation_forest,0,0.5021863972576005,0.4625851357947635,1
user29,session_0228122983,rms_z,1,11.599575284749715,4.381887479148673,1
user29,session_0270940804,rms_z,0,13.980387243116594,4.381887479148673,1
user29,session_0305606782,rms_z,1,20.88724368120358,4.381887479148673,1
user29,session_0508486473,rms_z,1,5.191234025766327,4.381887479148673,1
user29,session_0537801506,rms_z,0,45.98717490293343,4.381887479148673,1
user29,session_0743065918,rms_z,0,4.101734712082844,4.381887479148673,0
user29,session_0838891042,rms_z,0,3.623786005073836,4.381887479148673,0
user29,session_0843115603,rms_z,1,11.040625778794052,4.381887479148673,1
user29,session_1076519237,rms_z,0,7.7889595952788,4.381887479148673,1
user29,session_1164286300,rms_z,0,4.362373596494773,4.381887479148673,0
user29,session_1421795197,rms_z,0,2.961647118439528,4.381887479148673,0
user29,session_1778570235,rms_z,0,5.774862812094727,4.381887479148673,1
user29,session_1819563622,rms_z,0,9.692922518789976,4.381887479148673,1
user29,session_1896830251,rms_z,0,3.8587952070835922,4.381887479148673,0
user29,session_1967235442,rms_z,0,62.66404491491735,4.381887479148673,1
user29,session_2007540735,rms_z,0,6.7521208711324325,4.381887479148673,1
user29,session_2035629884,rms_z,0,3.0635602933283548,4.381887479148673,0
user29,session_2046923002,rms_z,1,14.970690408504902,4.381887479148673,1
user29,session_2064160756,rms_z,1,5.086958864337677,4.381887479148673,1
user29,session_2189267771,rms_z,0,3.9950309092668372,4.381887479148673,0
user29,session_2290361531,rms_z,0,4.225816454722406,4.381887479148673,0
user29,session_2540441733,rms_z,0,4.102240600321659,4.381887479148673,0
user29,session_2617473265,rms_z,0,4.316412502982322,4.381887479148673,0
user29,session_3016761703,rms_z,0,5.804289412715539,4.381887479148673,1
user29,session_3147629890,rms_z,1,15.994744412113898,4.381887479148673,1
user29,session_3161171774,rms_z,0,4.9814442182846985,4.381887479148673,1
user29,session_3163625589,rms_z,0,6.187057559188928,4.381887479148673,1
user29,session_3172392634,rms_z,1,34.73090668140633,4.381887479148673,1
user29,session_3660445831,rms_z,1,33.81750987485183,4.381887479148673,1
user29,session_3839970917,rms_z,0,3.2665911128755547,4.381887479148673,0
user29,session_3932398331,rms_z,0,9.112977786276897,4.381887479148673,1
user29,session_4262101552,rms_z,0,11.710734960526947,4.381887479148673,1
user29,session_4746240778,rms_z,0,9.599937324837203,4.381887479148673,1
user29,session_4814782358,rms_z,0,6.237610521608248,4.381887479148673,1
user29,session_5290417223,rms_z,0,21.552256985336555,4.381887479148673,1
user29,session_5415060346,rms_z,0,9.841495302384553,4.381887479148673,1
user29,session_5487557068,rms_z,1,3.9123616615549466,4.381887479148673,0
user29,session_5623988336,rms_z,0,8.31772969556802,4.381887479148673,1
user29,session_5746562839,rms_z,1,28.239730949713998,4.381887479148673,1
user29,session_5894660899,rms_z,0,3.4261109463475536,4.381887479148673,0
user29,session_5924200824,rms_z,0,3.807811260445823,4.381887479148673,0
user29,session_6007924250,rms_z,1,25.11710802378787,4.381887479148673,1
user29,session_6056134961,rms_z,1,4.388744959455565,4.381887479148673,1
user29,session_6527951269,rms_z,0,13.168582862281417,4.381887479148673,1
user29,session_6982446047,rms_z,1,2.953716587335138,4.381887479148673,0
user29,session_6989962465,rms_z,0,12.396761987691512,4.381887479148673,1
user29,session_7011327614,rms_z,1,2.48680276972621,4.381887479148673,0
user29,session_7418988874,rms_z,0,15.210000086279058,4.381887479148673,1
user29,session_7473209927,rms_z,0,6.576197935753778,4.381887479148673,1
user29,session_7648037009,rms_z,1,12.021704648483693,4.381887479148673,1
user29,session_8082239300,rms_z,0,9.932543910800158,4.381887479148673,1
user29,session_8119180048,rms_z,0,4.425251503921091,4.381887479148673,1
user29,session_8407883787,rms_z,1,13.937271166620066,4.381887479148673,1
user29,session_8423566466,rms_z,0,4.032539980419389,4.381887479148673,0
user29,session_8604010887,rms_z,0,44.262805653273674,4.381887479148673,1
user29,session_8627031256,rms_z,0,17.668087345945242,4.381887479148673,1
user29,session_9046061162,rms_z,0,7.2980013266751635,4.381887479148673,1
user29,session_9197162417,rms_z,0,2.424197962536933,4.381887479148673,0
user29,session_9497021147,rms_z,0,2.7659140468471426,4.381887479148673,0
user29,session_9518245436,rms_z,1,17.740619532278345,4.381887479148673,1
user29,session_9551087650,rms_z,1,3.220356715843385,4.381887479148673,0
user29,session_9673398856,rms_z,0,4.325753355063462,4.381887479148673,0
user29,session_9951071945,rms_z,1,2.59887241129957,4.381887479148673,0
user29,session_0228122983,isolation_forest,1,0.44278463981629856,0.5429460144214681,0
user29,session_0270940804,isolation_forest,0,0.452113992039913,0.5429460144214681,0
user29,session_0305606782,isolation_forest,1,0.4240674419081103,0.5429460144214681,0
user29,session_0508486473,isolation_forest,1,0.4285116473544583,0.5429460144214681,0
user29,session_0537801506,isolation_forest,0,0.4285116473544583,0.5429460144214681,0
user29,session_0743065918,isolation_forest,0,0.4467591263055746,0.5429460144214681,0
user29,session_0838891042,isolation_forest,0,0.47277268694529767,0.5429460144214681,0
user29,session_0843115603,isolation_forest,1,0.4375402714994819,0.5429460144214681,0
user29,session_1076519237,isolation_forest,0,0.41223556549352336,0.5429460144214681,0
user29,session_1164286300,isolation_forest,0,0.5270718556363705,0.5429460144214681,0
user29,session_1421795197,isolation_forest,0,0.4336477983630754,0.5429460144214681,0
user29,session_1778570235,isolation_forest,0,0.4548154458718229,0.5429460144214681,0
user29,session_1819563622,isolation_forest,0,0.49437535103258745,0.5429460144214681,0
user29,session_1896830251,isolation_forest,0,0.4253324905967725,0.5429460144214681,0
user29,session_1967235442,isolation_forest,0,0.4568521239199579,0.5429460144214681,0
user29,session_2007540735,isolation_forest,0,0.4480918672590837,0.5429460144214681,0
user29,session_2035629884,isolation_forest,0,0.4165557734705877,0.5429460144214681,0
user29,session_2046923002,isolation_forest,1,0.4285116473544583,0.5429460144214681,0
user29,session_2064160756,isolation_forest,1,0.4454303492679029,0.5429460144214681,0
user29,session_2189267771,isolation_forest,0,0.4184211234875054,0.5429460144214681,0
user29,session_2290361531,isolation_forest,0,0.4408106755754686,0.5429460144214681,0
user29,session_2540441733,isolation_forest,0,0.452113992039913,0.5429460144214681,0
user29,session_2617473265,isolation_forest,0,0.4500984369081091,0.5429460144214681,0
user29,session_3016761703,isolation_forest,0,0.43494142650908924,0.5429460144214681,0
user29,session_3147629890,isolation_forest,1,0.4408106755754686,0.5429460144214681,0
user29,session_3161171774,isolation_forest,0,0.4447674435318509,0.5429460144214681,0
user29,session_3163625589,isolation_forest,0,0.5302211947613915,0.5429460144214681,0
user29,session_3172392634,isolation_forest,1,0.44742500055462003,0.5429460144214681,0
user29,session_3660445831,isolation_forest,1,0.4408106755754686,0.5429460144214681,0
user29,session_3839970917,isolation_forest,0,0.43688910806572057,0.5429460144214681,0
user29,session_3932398331,isolation_forest,0,0.4266013130912648,0.5429460144214681,0
user29,session_4262101552,isolation_forest,0,0.414698739311762,0.5429460144214681,0
user29,session_4746240778,isolation_forest,0,0.43623891371719564,0.5429460144214681,0
user29,session_4814782358,isolation_forest,0,0.44344459027319155,0.5429460144214681,0
user29,session_5290417223,isolation_forest,0,0.4595818888520523,0.5429460144214681,0
user29,session_5415060346,isolation_forest,0,0.4500984369081091,0.5429460144214681,0
user29,session_5487557068,isolation_forest,1,0.45549332770040135,0.5429460144214681,0
user29,session_5623988336,isolation_forest,0,0.463017043466279,0.5429460144214681,0
user29,session_5746562839,isolation_forest,1,0.4500984369081091,0.5429460144214681,0
user29,session_5894660899,isolation_forest,0,0.40978702211585216,0.5429460144214681,0
user29,session_5924200824,isolation_forest,0,0.4342941307714875,0.5429460144214681,0
user29,session_6007924250,isolation_forest,1,0.4500984369081091,0.5429460144214681,0
user29,session_6056134961,isolation_forest,1,0.4278739206493442,0.5429460144214681,0
user29,session_6527951269,isolation_forest,0,0.452113992039913,0.5429460144214681,0
user29,session_6982446047,isolation_forest,1,0.4527878474738736,0.5429460144214681,0
user29,session_6989962465,isolation_forest,0,0.4548154458718229,0.5429460144214681,0
user29,session_7011327614,isolation_forest,1,0.524722133216447,0.5429460144214681,0
user29,session_7418988874,isolation_forest,0,0.45413857289177323,0.5429460144214681,0
user29,session_7473209927,isolation_forest,0,0.4487597278981753,0.5429460144214681,0
user29,session_7648037009,isolation_forest,1,0.4507692882484076,0.5429460144214681,0
user29,session_8082239300,isolation_forest,0,0.4454303492679029,0.5429460144214681,0
user29,session_8119180048,isolation_forest,0,0.43558968701167905,0.5429460144214681,0
user29,session_8407883787,isolation_forest,1,0.44410552435635886,0.5429460144214681,0
user29,session_8423566466,isolation_forest,0,0.4487597278981753,0.5429460144214681,0
user29,session_8604010887,isolation_forest,0,0.4388455114023774,0.5429460144214681,0
user29,session_8627031256,isolation_forest,0,0.46647787421681536,0.5429460144214681,0
user29,session_9046061162,isolation_forest,0,0.44942858395330965,0.5429460144214681,0
user29,session_9197162417,isolation_forest,0,0.484895576866945,0.5429460144214681,0
user29,session_9497021147,isolation_forest,0,0.46232796456874053,0.5429460144214681,0
user29,session_9518245436,isolation_forest,1,0.4480918672590837,0.5429460144214681,0
user29,session_9551087650,isolation_forest,1,0.4548154458718229,0.5429460144214681,0
user29,session_9673398856,isolation_forest,0,0.4375402714994819,0.5429460144214681,0
user29,session_9951071945,isolation_forest,1,0.4408106755754686,0.5429460144214681,0
user35,session_0029922803,rms_z,0,18.049657136054808,11.22718174793442,1
user35,session_0111356050,rms_z,1,15.055663248565196,11.22718174793442,1
user35,session_0376544801,rms_z,1,12.476889767555248,11.22718174793442,1
user35,session_0402994139,rms_z,1,16.13538644218199,11.22718174793442,1
user35,session_0458723853,rms_z,0,5.976043817290651,11.22718174793442,0
user35,session_0462903577,rms_z,1,143.14506439144316,11.22718174793442,1
user35,session_0493270999,rms_z,1,56.922292432164284,11.22718174793442,1
user35,session_0841557171,rms_z,1,1764.607581028761,11.22718174793442,1
user35,session_0989732540,rms_z,1,61.16486889561726,11.22718174793442,1
user35,session_1129865931,rms_z,0,90.91463225688561,11.22718174793442,1
user35,session_1306722148,rms_z,0,7.714778051440677,11.22718174793442,0
user35,session_1553613542,rms_z,1,12.707204952275314,11.22718174793442,1
user35,session_1893250984,rms_z,1,32.58623319932243,11.22718174793442,1
user35,session_2069574400,rms_z,0,32.20236568773681,11.22718174793442,1
user35,session_2110642502,rms_z,0,43.21259117310679,11.22718174793442,1
user35,session_2272584671,rms_z,1,10.667759518678343,11.22718174793442,0
user35,session_2363410078,rms_z,0,27.724783345472982,11.22718174793442,1
user35,session_2381827805,rms_z,1,4.416091933826409,11.22718174793442,0
user35,session_2389761713,rms_z,1,5.6209972777236725,11.22718174793442,0
user35,session_2412921544,rms_z,1,20.166760086133763,11.22718174793442,1
user35,session_2426108754,rms_z,1,75.17502817632396,11.22718174793442,1
user35,session_2585594441,rms_z,1,15.080505628513091,11.22718174793442,1
user35,session_2689331954,rms_z,1,12.00626804494946,11.22718174793442,1
user35,session_2751066909,rms_z,1,32.20249394044274,11.22718174793442,1
user35,session_2751916214,rms_z,0,18.552228263015223,11.22718174793442,1
user35,session_2809105327,rms_z,1,22.313037713585658,11.22718174793442,1
user35,session_2878525110,rms_z,1,16.73458877352417,11.22718174793442,1
user35,session_3028558496,rms_z,1,6.675393763890479,11.22718174793442,0
user35,session_3097489009,rms_z,1,6.04326688508901,11.22718174793442,0
user35,session_3101765401,rms_z,0,73.00280906552233,11.22718174793442,1
user35,session_3116416990,rms_z,1,5.810590376066794,11.22718174793442,0
user35,session_3170574491,rms_z,0,73.87717572624994,11.22718174793442,1
user35,session_3182721337,rms_z,1,6.91011736677369,11.22718174793442,0
user35,session_3203109772,rms_z,1,13.65406950779794,11.22718174793442,1
user35,session_3212035675,rms_z,0,4.805228486051056,11.22718174793442,0
user35,session_3389870646,rms_z,1,105.47003773567133,11.22718174793442,1
user35,session_3535166347,rms_z,0,59.470739267803616,11.22718174793442,1
user35,session_3635374508,rms_z,0,16.37640906424767,11.22718174793442,1
user35,session_3669155019,rms_z,1,16.73011905869561,11.22718174793442,1
user35,session_3696132790,rms_z,1,34.641105626521224,11.22718174793442,1
user35,session_3762712464,rms_z,1,40.08098006191018,11.22718174793442,1
user35,session_3876999904,rms_z,0,23.45660086191807,11.22718174793442,1
user35,session_3981019566,rms_z,0,50.66599372683696,11.22718174793442,1
user35,session_4251225905,rms_z,1,21.713689093487577,11.22718174793442,1
user35,session_4289581476,rms_z,1,45.622170424434735,11.22718174793442,1
user35,session_4331334148,rms_z,1,19.114953956254183,11.22718174793442,1
user35,session_4481103124,rms_z,1,56.387319233438525,11.22718174793442,1
user35,session_4518223786,rms_z,0,85.60948338131111,11.22718174793442,1
user35,session_4559429580,rms_z,1,35.98375906375158,11.22718174793442,1
user35,session_4767254104,rms_z,1,5.537674777859771,11.22718174793442,0
user35,session_5013714842,rms_z,1,22.779900400919,11.22718174793442,1
user35,session_5016669083,rms_z,0,5.623763140829804,11.22718174793442,0
user35,session_5160736279,rms_z,0,27.53181523802917,11.22718174793442,1
user35,session_5248409822,rms_z,0,27.67091905423041,11.22718174793442,1
user35,session_5425983208,rms_z,0,39.31201533877751,11.22718174793442,1
user35,session_5445301341,rms_z,1,11.496102809135287,11.22718174793442,1
user35,session_5517823185,rms_z,1,27.64660747924414,11.22718174793442,1
user35,session_5527782146,rms_z,1,28.692113321160974,11.22718174793442,1
user35,session_5690417333,rms_z,1,10.572406749808696,11.22718174793442,0
user35,session_5811752669,rms_z,1,14.619764814926674,11.22718174793442,1
user35,session_5931589642,rms_z,1,24.11824984751354,11.22718174793442,1
user35,session_6051914984,rms_z,1,14.867587269852077,11.22718174793442,1
user35,session_6278669958,rms_z,0,7.912186939805712,11.22718174793442,0
user35,session_6295392963,rms_z,1,7.378938428022356,11.22718174793442,0
user35,session_6425950736,rms_z,1,11.684988602544252,11.22718174793442,1
user35,session_6452949084,rms_z,1,19.416034127267416,11.22718174793442,1
user35,session_6479266110,rms_z,1,79.22192632670252,11.22718174793442,1
user35,session_6480157843,rms_z,1,316.07396459750163,11.22718174793442,1
user35,session_6497918859,rms_z,1,17.95063247383377,11.22718174793442,1
user35,session_6637610294,rms_z,1,38.65949026936965,11.22718174793442,1
user35,session_6816047521,rms_z,1,15.066965324730711,11.22718174793442,1
user35,session_6829066411,rms_z,0,11.131242872844728,11.22718174793442,0
user35,session_6933816157,rms_z,1,43.272600958336625,11.22718174793442,1
user35,session_6970752744,rms_z,1,49.88439330573328,11.22718174793442,1
user35,session_7093950723,rms_z,1,39.717653657051656,11.22718174793442,1
user35,session_7100038229,rms_z,1,17.941125384501383,11.22718174793442,1
user35,session_7177007633,rms_z,1,218.79120108776664,11.22718174793442,1
user35,session_7217479988,rms_z,1,14.250221124353148,11.22718174793442,1
user35,session_7273363943,rms_z,1,32.87625898664311,11.22718174793442,1
user35,session_7326699927,rms_z,1,39.38533772247494,11.22718174793442,1
user35,session_7354123043,rms_z,1,23.541445305228432,11.22718174793442,1
user35,session_7370016891,rms_z,1,38.36810745418553,11.22718174793442,1
user35,session_7388997727,rms_z,0,37.36958160153174,11.22718174793442,1
user35,session_7437771065,rms_z,1,6.585270789990572,11.22718174793442,0
user35,session_7534749559,rms_z,1,13.721238991978694,11.22718174793442,1
user35,session_7667901628,rms_z,0,59.59405705599375,11.22718174793442,1
user35,session_7768986100,rms_z,0,6.267387198542836,11.22718174793442,0
user35,session_7788563873,rms_z,1,9.352239814553931,11.22718174793442,0
user35,session_7970857766,rms_z,0,6.154291555860284,11.22718174793442,0
user35,session_7997263430,rms_z,0,185.56661852870135,11.22718174793442,1
user35,session_8015250878,rms_z,0,38.49246675622943,11.22718174793442,1
user35,session_8042510915,rms_z,0,31.67692017800685,11.22718174793442,1
user35,session_8185572921,rms_z,1,23.170117216344238,11.22718174793442,1
user35,session_8214714439,rms_z,0,26.720163185466195,11.22718174793442,1
user35,session_8281638783,rms_z,1,20.409046939355303,11.22718174793442,1
user35,session_8340206664,rms_z,1,24.37531340533731,11.22718174793442,1
user35,session_8478632285,rms_z,1,67.4655702761109,11.22718174793442,1
user35,session_8639984402,rms_z,1,29.351337597075755,11.22718174793442,1
user35,session_8728901791,rms_z,1,9.108218414235557,11.22718174793442,0
user35,session_9020534315,rms_z,0,36.95118429618746,11.22718174793442,1
user35,session_9127961354,rms_z,1,19.651412160369226,11.22718174793442,1
user35,session_9183184177,rms_z,0,20.66831139167723,11.22718174793442,1
user35,session_9525615730,rms_z,1,72.20904059002217,11.22718174793442,1
user35,session_9629836105,rms_z,0,43.899838051302034,11.22718174793442,1
user35,session_9653209270,rms_z,0,21.97836461723471,11.22718174793442,1
user35,session_9667273084,rms_z,1,66.88507273551825,11.22718174793442,1
user35,session_9674716665,rms_z,1,60.78159731854943,11.22718174793442,1
user35,session_9716805694,rms_z,0,20.55325654087264,11.22718174793442,1
user35,session_0029922803,isolation_forest,0,0.49379778988138334,0.4783330651305628,1
user35,session_0111356050,isolation_forest,1,0.4947228944358872,0.4783330651305628,1
user35,session_0376544801,isolation_forest,1,0.5097624961911902,0.4783330651305628,1
user35,session_0402994139,isolation_forest,1,0.5292065620695259,0.4783330651305628,1
user35,session_0458723853,isolation_forest,0,0.4910328426519656,0.4783330651305628,1
user35,session_0462903577,isolation_forest,1,0.48645895868591194,0.4783330651305628,1
user35,session_0493270999,isolation_forest,1,0.4965783061980747,0.4783330651305628,1
user35,session_0841557171,isolation_forest,1,0.4928744152214254,0.4783330651305628,1
user35,session_0989732540,isolation_forest,1,0.5282169749565178,0.4783330651305628,1
user35,session_1129865931,isolation_forest,0,0.5331834846881454,0.4783330651305628,1
user35,session_1306722148,isolation_forest,0,0.5184223110451519,0.4783330651305628,1
user35,session_1553613542,isolation_forest,1,0.5088092684100514,0.4783330651305628,1
user35,session_1893250984,isolation_forest,1,0.5116743125675753,0.4783330651305628,1
user35,session_2069574400,isolation_forest,0,0.4947228944358872,0.4783330651305628,1
user35,session_2110642502,isolation_forest,0,0.5088092684100514,0.4783330651305628,1
user35,session_2272584671,isolation_forest,1,0.5135932990317649,0.4783330651305628,1
user35,session_2363410078,isolation_forest,0,0.5116743125675753,0.4783330651305628,1
user35,session_2381827805,isolation_forest,1,0.48373510414948895,0.4783330651305628,1
user35,session_2389761713,isolation_forest,1,0.4993744792697087,0.4783330651305628,1
user35,session_2412921544,isolation_forest,1,0.5213414850964253,0.4783330651305628,1
user35,session_2426108754,isolation_forest,1,0.5107175097951494,0.4783330651305628,1
user35,session_2585594441,isolation_forest,1,0.5223181913356945,0.4783330651305628,1
user35,session_2689331954,isolation_forest,1,0.505014148819491,0.4783330651305628,1
user35,session_2751066909,isolation_forest,1,0.5116743125675753,0.4783330651305628,1
user35,session_2751916214,isolation_forest,0,0.5252593026230951,0.4783330651305628,1
user35,session_2809105327,isolation_forest,1,0.5116743125675753,0.4783330651305628,1
user35,session_2878525110,isolation_forest,1,0.5341823762996079,0.4783330651305628,1
user35,session_3028558496,isolation_forest,1,0.48828337733303456,0.4783330651305628,1
user35,session_3097489009,isolation_forest,1,0.5021863972576005,0.4783330651305628,1
user35,session_3101765401,isolation_forest,0,0.48919815092156727,0.4783330651305628,1
user35,session_3116416990,isolation_forest,1,0.5003100314626141,0.4783330651305628,1
user35,session_3170574491,isolation_forest,0,0.48102650143113435,0.4783330651305628,1
user35,session_3182721337,isolation_forest,1,0.5078578231123426,0.4783330651305628,1
user35,session_3203109772,isolation_forest,1,0.4947228944358872,0.4783330651305628,1
user35,session_3212035675,isolation_forest,0,0.5031272174330501,0.4783330651305628,1
user35,session_3389870646,isolation_forest,1,0.5145554894462077,0.4783330651305628,1
user35,session_3535166347,isolation_forest,0,0.5262433486903504,0.4783330651305628,1
user35,session_3635374508,isolation_forest,0,0.5031272174330501,0.4783330651305628,1
user35,session_3669155019,isolation_forest,1,0.5003100314626141,0.4783330651305628,1
user35,session_3696132790,isolation_forest,1,0.5088092684100514,0.4783330651305628,1
user35,session_3762712464,isolation_forest,1,0.5223181913356945,0.4783330651305628,1
user35,session_3876999904,isolation_forest,0,0.5193935483632036,0.4783330651305628,1
user35,session_3981019566,isolation_forest,0,0.5311913015892327,0.4783330651305628,1
user35,session_4251225905,isolation_forest,1,0.49564973212580454,0.4783330651305628,1
user35,session_4289581476,isolation_forest,1,0.5003100314626141,0.4783330651305628,1
user35,session_4331334148,isolation_forest,1,0.5003100314626141,0.4783330651305628,1
user35,session_4481103124,isolation_forest,1,0.5003100314626141,0.4783330651305628,1
user35,session_4518223786,isolation_forest,0,0.5069081569649181,0.4783330651305628,1
user35,session_4559429580,isolation_forest,1,0.5031272174330501,0.4783330651305628,1
user35,session_4767254104,isolation_forest,1,0.49750861990572004,0.4783330651305628,1
user35,session_5013714842,isolation_forest,1,0.5031272174330501,0.4783330651305628,1
user35,session_5016669083,isolation_forest,0,0.4774386086538181,0.4783330651305628,0
user35,session_5160736279,isolation_forest,0,0.5097624961911902,0.4783330651305628,1
user35,session_5248409822,isolation_forest,0,0.5232967273834579,0.4783330651305628,1
user35,session_5425983208,isolation_forest,0,0.4928744152214254,0.4783330651305628,1
user35,session_5445301341,isolation_forest,1,0.4993744792697087,0.4783330651305628,1
user35,session_5517823185,isolation_forest,1,0.4919527672212056,0.4783330651305628,1
user35,session_5527782146,isolation_forest,1,0.5184223110451519,0.4783330651305628,1
user35,session_5690417333,isolation_forest,1,0.4965783061980747,0.4783330651305628,1
user35,session_5811752669,isolation_forest,1,0.5145554894462077,0.4783330651305628,1
user35,session_5931589642,isolation_forest,1,0.5262433486903504,0.4783330651305628,1
user35,session_6051914984,isolation_forest,1,0.5223181913356945,0.4783330651305628,1
user35,session_6278669958,isolation_forest,0,0.5145554894462077,0.4783330651305628,1
user35,session_6295392963,isolation_forest,1,0.4873703143207106,0.4783330651305628,1
user35,session_6425950736,isolation_forest,1,0.5126329078603825,0.4783330651305628,1
user35,session_6452949084,isolation_forest,1,0.505014148819491,0.4783330651305628,1
user35,session_6479266110,isolation_forest,1,0.5381966915538747,0.4783330651305628,1
user35,session_6480157843,isolation_forest,1,0.5069081569649181,0.4783330651305628,1
user35,session_6497918859,isolation_forest,1,0.5031272174330501,0.4783330651305628,1
user35,session_6637610294,isolation_forest,1,0.5155194824744996,0.4783330651305628,1
user35,session_6816047521,isolation_forest,1,0.5242770966677669,0.4783330651305628,1
user35,session_6829066411,isolation_forest,0,0.5031272174330501,0.4783330651305628,1
user35,session_6933816157,isolation_forest,1,0.5040698001863143,0.4783330651305628,1
user35,session_6970752744,isolation_forest,1,0.4947228944358872,0.4783330651305628,1
user35,session_7093950723,isolation_forest,1,0.5301980031226772,0.4783330651305628,1
user35,session_7100038229,isolation_forest,1,0.5031272174330501,0.4783330651305628,1
user35,session_7177007633,isolation_forest,1,0.5145554894462077,0.4783330651305628,1
user35,session_7217479988,isolation_forest,1,0.4984406765078573,0.4783330651305628,1
user35,session_7273363943,isolation_forest,1,0.5078578231123426,0.4783330651305628,1
user35,session_7326699927,isolation_forest,1,0.49564973212580454,0.4783330651305628,1
user35,session_7354123043,isolation_forest,1,0.4910328426519656,0.4783330651305628,1
user35,session_7370016891,isolation_forest,1,0.5242770966677669,0.4783330651305628,1
user35,session_7388997727,isolation_forest,0,0.5003100314626141,0.4783330651305628,1
user35,session_7437771065,isolation_forest,1,0.49750861990572004,0.4783330651305628,1
user35,session_7534749559,isolation_forest,1,0.5301980031226772,0.4783330651305628,1
user35,session_7667901628,isolation_forest,0,0.5059602666408649,0.4783330651305628,1
user35,session_7768986100,isolation_forest,0,0.4873703143207106,0.4783330651305628,1
user35,session_7788563873,isolation_forest,1,0.5135932990317649,0.4783330651305628,1
user35,session_7970857766,isolation_forest,0,0.48919815092156727,0.4783330651305628,1
user35,session_7997263430,isolation_forest,0,0.5126329078603825,0.4783330651305628,1
user35,session_8015250878,isolation_forest,0,0.4919527672212056,0.4783330651305628,1
user35,session_8042510915,isolation_forest,0,0.5003100314626141,0.4783330651305628,1
user35,session_8185572921,isolation_forest,1,0.5021863972576005,0.4783330651305628,1
user35,session_8214714439,isolation_forest,0,0.5262433486903504,0.4783330651305628,1
user35,session_8281638783,isolation_forest,1,0.5242770966677669,0.4783330651305628,1
user35,session_8340206664,isolation_forest,1,0.5069081569649181,0.4783330651305628,1
user35,session_8478632285,isolation_forest,1,0.5381966915538747,0.4783330651305628,1
user35,session_8639984402,isolation_forest,1,0.49379778988138334,0.4783330651305628,1
user35,session_8728901791,isolation_forest,1,0.4993744792697087,0.4783330651305628,1
user35,session_9020534315,isolation_forest,0,0.5107175097951494,0.4783330651305628,1
user35,session_9127961354,isolation_forest,1,0.5135932990317649,0.4783330651305628,1
user35,session_9183184177,isolation_forest,0,0.5031272174330501,0.4783330651305628,1
user35,session_9525615730,isolation_forest,1,0.5311913015892327,0.4783330651305628,1
user35,session_9629836105,isolation_forest,0,0.5116743125675753,0.4783330651305628,1
user35,session_9653209270,isolation_forest,0,0.49379778988138334,0.4783330651305628,1
user35,session_9667273084,isolation_forest,1,0.4984406765078573,0.4783330651305628,1
user35,session_9674716665,isolation_forest,1,0.5069081569649181,0.4783330651305628,1
user35,session_9716805694,isolation_forest,0,0.4855493072359367,0.4783330651305628,1
user7,session_0147719489,rms_z,1,22.652789057602213,1.8095533127111052,1
user7,session_0244684556,rms_z,0,8.35586067388052,1.8095533127111052,1
user7,session_0812869833,rms_z,0,2.5890204659479017,1.8095533127111052,1
user7,session_0966487358,rms_z,0,2.9341504563474192,1.8095533127111052,1
user7,session_0984393142,rms_z,1,24.964898277710873,1.8095533127111052,1
user7,session_1063325046,rms_z,1,29.857524491828755,1.8095533127111052,1
user7,session_1081274523,rms_z,1,21.212421552394545,1.8095533127111052,1
user7,session_1244242475,rms_z,0,2.9291048193252736,1.8095533127111052,1
user7,session_1474073005,rms_z,0,7.169689391527396,1.8095533127111052,1
user7,session_1503605581,rms_z,1,26.359719113698088,1.8095533127111052,1
user7,session_1708671050,rms_z,1,25.606134073823885,1.8095533127111052,1
user7,session_1806185715,rms_z,0,3.9921392146542054,1.8095533127111052,1
user7,session_1881356230,rms_z,0,2.774413962791573,1.8095533127111052,1
user7,session_2211907871,rms_z,0,2.7481304375237996,1.8095533127111052,1
user7,session_2318637737,rms_z,0,4.78515565428003,1.8095533127111052,1
user7,session_2590894741,rms_z,1,21.451063355631952,1.8095533127111052,1
user7,session_2671379191,rms_z,1,19.316819158559436,1.8095533127111052,1
user7,session_2691409086,rms_z,0,15.936793305890133,1.8095533127111052,1
user7,session_2715537964,rms_z,1,17.876801925323026,1.8095533127111052,1
user7,session_2773924704,rms_z,0,2.8576275827187083,1.8095533127111052,1
user7,session_3269754223,rms_z,1,23.626771362765126,1.8095533127111052,1
user7,session_3319050185,rms_z,1,25.491832421800165,1.8095533127111052,1
user7,session_3376026513,rms_z,0,2.1783717527961004,1.8095533127111052,1
user7,session_3582091129,rms_z,0,5.546622149966861,1.8095533127111052,1
user7,session_3748528962,rms_z,1,28.038675796189285,1.8095533127111052,1
user7,session_3876004338,rms_z,1,20.695264253612752,1.8095533127111052,1
user7,session_3973707215,rms_z,0,9.388472956004012,1.8095533127111052,1
user7,session_4037858026,rms_z,0,4.524080652936365,1.8095533127111052,1
user7,session_4163238472,rms_z,1,12.746696821104848,1.8095533127111052,1
user7,session_4339907415,rms_z,1,23.289546824497208,1.8095533127111052,1
user7,session_4423579184,rms_z,0,5.892097745538654,1.8095533127111052,1
user7,session_4844871120,rms_z,1,30.89323088341282,1.8095533127111052,1
user7,session_5026661112,rms_z,0,6.981238181850128,1.8095533127111052,1
user7,session_5037856261,rms_z,1,21.066587280869452,1.8095533127111052,1
user7,session_5123812030,rms_z,0,11.767962845453916,1.8095533127111052,1
user7,session_5289449664,rms_z,0,2.998238966814733,1.8095533127111052,1
user7,session_5483480261,rms_z,1,18.389326113401673,1.8095533127111052,1
user7,session_5497122814,rms_z,1,25.052097293015137,1.8095533127111052,1
user7,session_5528609206,rms_z,0,5.266989456363901,1.8095533127111052,1
user7,session_5884843843,rms_z,1,26.731300750790716,1.8095533127111052,1
user7,session_6013544622,rms_z,0,2.91442125624071,1.8095533127111052,1
user7,session_6106477620,rms_z,1,20.1871523804024,1.8095533127111052,1
user7,session_6129550717,rms_z,1,25.462522646178154,1.8095533127111052,1
user7,session_6419217298,rms_z,0,14.882610722506017,1.8095533127111052,1
user7,session_6471969473,rms_z,0,2.373870547794559,1.8095533127111052,1
user7,session_6490827344,rms_z,1,23.5471114240621,1.8095533127111052,1
user7,session_6556036411,rms_z,1,23.55624403828334,1.8095533127111052,1
user7,session_6581338506,rms_z,0,2.2794343881736907,1.8095533127111052,1
user7,session_6617825429,rms_z,1,26.906704458906212,1.8095533127111052,1
user7,session_6638271928,rms_z,1,19.13035875796411,1.8095533127111052,1
user7,session_6738388054,rms_z,1,19.549668262803255,1.8095533127111052,1
user7,session_7157064073,rms_z,1,33.7367039395467,1.8095533127111052,1
user7,session_7358104277,rms_z,1,22.51032873945533,1.8095533127111052,1
user7,session_7370840078,rms_z,1,22.92756938552803,1.8095533127111052,1
user7,session_7451527108,rms_z,0,2.8429167649263625,1.8095533127111052,1
user7,session_7780444958,rms_z,0,2.759489698414596,1.8095533127111052,1
user7,session_7873949379,rms_z,1,20.26961355835791,1.8095533127111052,1
user7,session_7933738052,rms_z,1,27.437481590178315,1.8095533127111052,1
user7,session_8140667141,rms_z,0,3.2240379090040334,1.8095533127111052,1
user7,session_8769574094,rms_z,0,2.692776356004463,1.8095533127111052,1
user7,session_8810377918,rms_z,1,25.136246249062054,1.8095533127111052,1
user7,session_8883281313,rms_z,1,34.03293027334708,1.8095533127111052,1
user7,session_8927734902,rms_z,0,3.117598218851046,1.8095533127111052,1
user7,session_8989374051,rms_z,0,3.5589061482218556,1.8095533127111052,1
user7,session_8999428064,rms_z,1,34.54645601924164,1.8095533127111052,1
user7,session_9067768063,rms_z,1,27.750597923197088,1.8095533127111052,1
user7,session_9100599511,rms_z,0,2.1898963405550718,1.8095533127111052,1
user7,session_9278196183,rms_z,0,3.2513771388000374,1.8095533127111052,1
user7,session_9362179236,rms_z,0,4.537297046574382,1.8095533127111052,1
user7,session_9495997885,rms_z,0,3.12046966428135,1.8095533127111052,1
user7,session_9689083079,rms_z,0,3.0654072946651807,1.8095533127111052,1
user7,session_9877506321,rms_z,1,24.28694889488321,1.8095533127111052,1
user7,session_9880892041,rms_z,0,3.1154675474194833,1.8095533127111052,1
user7,session_0147719489,isolation_forest,1,0.5161957512136794,0.5228156818195093,0
user7,session_0244684556,isolation_forest,0,0.4892480560310076,0.5228156818195093,0
user7,session_0812869833,isolation_forest,0,0.4643982839148022,0.5228156818195093,0
user7,session_0966487358,isolation_forest,0,0.48851993918125025,0.5228156818195093,0
user7,session_0984393142,isolation_forest,1,0.5262874480247489,0.5228156818195093,1
user7,session_1063325046,isolation_forest,1,0.5161957512136794,0.5228156818195093,0
user7,session_1081274523,isolation_forest,1,0.5161957512136794,0.5228156818195093,0
user7,session_1244242475,isolation_forest,0,0.4877929059416172,0.5228156818195093,0
user7,session_1474073005,isolation_forest,0,0.4936396035548933,0.5228156818195093,0
user7,session_1503605581,isolation_forest,1,0.5928818572846644,0.5228156818195093,1
user7,session_1708671050,isolation_forest,1,0.5223828860199521,0.5228156818195093,0
user7,session_1806185715,isolation_forest,0,0.49217139186884823,0.5228156818195093,0
user7,session_1881356230,isolation_forest,0,0.47915244403979773,0.5228156818195093,0
user7,session_2211907871,isolation_forest,0,0.4827338791854964,0.5228156818195093,0
user7,session_2318637737,isolation_forest,0,0.5100818972099282,0.5228156818195093,0
user7,session_2590894741,isolation_forest,1,0.4973293232828665,0.5228156818195093,0
user7,session_2671379191,isolation_forest,1,0.516965117608144,0.5228156818195093,0
user7,session_2691409086,isolation_forest,0,0.5116035382778497,0.5228156818195093,0
user7,session_2715537964,isolation_forest,1,0.5055440747245773,0.5228156818195093,0
user7,session_2773924704,isolation_forest,0,0.4734773332286139,0.5228156818195093,0
user7,session_3269754223,isolation_forest,1,0.5131297186002559,0.5228156818195093,0
user7,session_3319050185,isolation_forest,1,0.5070521788740343,0.5228156818195093,0
user7,session_3376026513,isolation_forest,0,0.47986659906219575,0.5228156818195093,0
user7,session_3582091129,isolation_forest,0,0.5078079171879365,0.5228156818195093,0
user7,session_3748528962,isolation_forest,1,0.5154275298184205,0.5228156818195093,0
user7,session_3876004338,isolation_forest,1,0.5231614740586993,0.5228156818195093,1
user7,session_3973707215,isolation_forest,0,0.5055440747245773,0.5228156818195093,0
user7,session_4037858026,isolation_forest,0,0.4965891795956368,0.5228156818195093,0
user7,session_4163238472,isolation_forest,1,0.5108421511818281,0.5228156818195093,0
user7,session_4339907415,isolation_forest,1,0.5138945152119363,0.5228156818195093,0
user7,session_4423579184,isolation_forest,0,0.49955637982770845,0.5228156818195093,0
user7,session_4844871120,isolation_forest,1,0.5318029139900965,0.5228156818195093,1
user7,session_5026661112,isolation_forest,0,0.5131297186002559,0.5228156818195093,0
user7,session_5037856261,isolation_forest,1,0.5108421511818281,0.5228156818195093,0
user7,session_5123812030,isolation_forest,0,0.48851993918125025,0.5228156818195093,0
user7,session_5289449664,isolation_forest,0,0.46232796456874053,0.5228156818195093,0
user7,session_5483480261,isolation_forest,1,0.5146604517183373,0.5228156818195093,0
user7,session_5497122814,isolation_forest,1,0.5185072922235109,0.5228156818195093,0
user7,session_5528609206,isolation_forest,0,0.4951121951085833,0.5228156818195093,0
user7,session_5884843843,isolation_forest,1,0.5116035382778497,0.5228156818195093,0
user7,session_6013544622,isolation_forest,0,0.4870669546994406,0.5228156818195093,0
user7,session_6106477620,isolation_forest,1,0.5025413095584863,0.5228156818195093,0
user7,session_6129550717,isolation_forest,1,0.49437535103258745,0.5228156818195093,0
user7,session_6419217298,isolation_forest,0,0.5911184735021623,0.5228156818195093,1
user7,session_6471969473,isolation_forest,0,0.4951121951085833,0.5228156818195093,0
user7,session_6490827344,isolation_forest,1,0.516965117608144,0.5228156818195093,0
user7,session_6556036411,isolation_forest,1,0.5116035382778497,0.5228156818195093,0
user7,session_6581338506,isolation_forest,0,0.4812981039406295,0.5228156818195093,0
user7,session_6617825429,isolation_forest,1,0.5161957512136794,0.5228156818195093,0
user7,session_6638271928,isolation_forest,1,0.5185072922235109,0.5228156818195093,0
user7,session_6738388054,isolation_forest,1,0.5430078570979163,0.5228156818195093,1
user7,session_7157064073,isolation_forest,1,0.5108421511818281,0.5228156818195093,0
user7,session_7358104277,isolation_forest,1,0.5154275298184205,0.5228156818195093,0
user7,session_7370840078,isolation_forest,1,0.549516362456263,0.5228156818195093,1
user7,session_7451527108,isolation_forest,0,0.484895576866945,0.5228156818195093,0
user7,session_7780444958,isolation_forest,0,0.49955637982770845,0.5228156818195093,0
user7,session_7873949379,isolation_forest,1,0.5462524163952204,0.5228156818195093,1
user7,session_7933738052,isolation_forest,1,0.5357778861945394,0.5228156818195093,1
user7,session_8140667141,isolation_forest,0,0.4820154569719568,0.5228156818195093,0
user7,session_8769574094,isolation_forest,0,0.4841739375358583,0.5228156818195093,0
user7,session_8810377918,isolation_forest,1,0.5138945152119363,0.5228156818195093,0
user7,session_8883281313,isolation_forest,1,0.5177356307083835,0.5228156818195093,0
user7,session_8927734902,isolation_forest,0,0.48851993918125025,0.5228156818195093,0
user7,session_8989374051,isolation_forest,0,0.48997725810596143,0.5228156818195093,0
user7,session_8999428064,isolation_forest,1,0.5131297186002559,0.5228156818195093,0
user7,session_9067768063,isolation_forest,1,0.512366060186863,0.5228156818195093,0
user7,session_9100599511,isolation_forest,0,0.47630643646074755,0.5228156818195093,0
user7,session_9278196183,isolation_forest,0,0.48345337217481593,0.5228156818195093,0
user7,session_9362179236,isolation_forest,0,0.4929049510435031,0.5228156818195093,0
user7,session_9495997885,isolation_forest,0,0.4914389244037847,0.5228156818195093,0
user7,session_9689083079,isolation_forest,0,0.4812981039406295,0.5228156818195093,0
user7,session_9877506321,isolation_forest,1,0.5138945152119363,0.5228156818195093,0
user7,session_9880892041,isolation_forest,0,0.4892480560310076,0.5228156818195093,0
user9,session_0233596484,rms_z,1,46.608328274693136,0.8782988872826453,1
user9,session_0249395771,rms_z,1,44.39709376562047,0.8782988872826453,1
user9,session_0510101673,rms_z,0,4.109357146614626,0.8782988872826453,1
user9,session_0626697371,rms_z,0,10.410998340363943,0.8782988872826453,1
user9,session_0815666379,rms_z,0,7.246482421437641,0.8782988872826453,1
user9,session_0867569021,rms_z,1,38.28850901881866,0.8782988872826453,1
user9,session_1067162598,rms_z,1,30.091691523536923,0.8782988872826453,1
user9,session_1177848198,rms_z,0,8.461298666340785,0.8782988872826453,1
user9,session_1281792837,rms_z,0,9.93873602113563,0.8782988872826453,1
user9,session_1334666365,rms_z,0,47.74625752761223,0.8782988872826453,1
user9,session_1388817097,rms_z,1,38.30063891361325,0.8782988872826453,1
user9,session_1428731346,rms_z,1,28.19942124885837,0.8782988872826453,1
user9,session_1498771725,rms_z,0,5.662150847005702,0.8782988872826453,1
user9,session_1814762834,rms_z,0,3.8021943297207073,0.8782988872826453,1
user9,session_1970148824,rms_z,0,6.767674932300382,0.8782988872826453,1
user9,session_2092170870,rms_z,1,50.01158055307278,0.8782988872826453,1
user9,session_2386499713,rms_z,1,34.00321230193394,0.8782988872826453,1
user9,session_2541149709,rms_z,1,33.17061973500931,0.8782988872826453,1
user9,session_2592273518,rms_z,0,5.3238667195973175,0.8782988872826453,1
user9,session_2760097341,rms_z,1,34.39856184384594,0.8782988872826453,1
user9,session_3277767566,rms_z,1,31.98330482197587,0.8782988872826453,1
user9,session_3452570104,rms_z,1,36.430482853576365,0.8782988872826453,1
user9,session_3524810503,rms_z,1,49.19836422417455,0.8782988872826453,1
user9,session_3561215335,rms_z,1,33.584060085882726,0.8782988872826453,1
user9,session_3735537656,rms_z,1,39.516658416077846,0.8782988872826453,1
user9,session_3828692242,rms_z,1,40.99613609528712,0.8782988872826453,1
user9,session_3919629858,rms_z,1,25.081155012616726,0.8782988872826453,1
user9,session_3926840201,rms_z,0,10.958014544419749,0.8782988872826453,1
user9,session_4066780045,rms_z,1,72.73937230914721,0.8782988872826453,1
user9,session_4088341904,rms_z,1,35.018701746913685,0.8782988872826453,1
user9,session_4243186683,rms_z,0,3.793415811571331,0.8782988872826453,1
user9,session_4269912456,rms_z,1,32.69807099580514,0.8782988872826453,1
user9,session_4322210317,rms_z,1,34.511261590435794,0.8782988872826453,1
user9,session_4619254586,rms_z,1,31.377040856165838,0.8782988872826453,1
user9,session_4948057062,rms_z,0,6.596801363789805,0.8782988872826453,1
user9,session_4949372670,rms_z,1,44.09266169792794,0.8782988872826453,1
user9,session_4962669721,rms_z,1,31.804133028217084,0.8782988872826453,1
user9,session_5496662888,rms_z,0,6.164948025247274,0.8782988872826453,1
user9,session_5499827097,rms_z,1,32.683611915184215,0.8782988872826453,1
user9,session_5745729038,rms_z,0,6.7771978913240725,0.8782988872826453,1
user9,session_6228883788,rms_z,1,31.86566162454763,0.8782988872826453,1
user9,session_6399026328,rms_z,1,43.17854554698159,0.8782988872826453,1
user9,session_6448386600,rms_z,0,5.496496296401062,0.8782988872826453,1
user9,session_6845822655,rms_z,0,13.22816732936218,0.8782988872826453,1
user9,session_6951064037,rms_z,1,41.66187029564896,0.8782988872826453,1
user9,session_7103728864,rms_z,0,3.9728576307938335,0.8782988872826453,1
user9,session_7395469781,rms_z,1,49.15126578896131,0.8782988872826453,1
user9,session_7422270211,rms_z,0,5.593565247662384,0.8782988872826453,1
user9,session_7422282952,rms_z,0,16.138868161822515,0.8782988872826453,1
user9,session_7555995161,rms_z,1,35.98956865613883,0.8782988872826453,1
user9,session_7729762375,rms_z,0,72.52771955870452,0.8782988872826453,1
user9,session_7861130331,rms_z,1,42.149603763584,0.8782988872826453,1
user9,session_7896781089,rms_z,1,32.89702794139512,0.8782988872826453,1
user9,session_7935100368,rms_z,1,32.44540348480418,0.8782988872826453,1
user9,session_8399176672,rms_z,1,30.355031193725736,0.8782988872826453,1
user9,session_8602611959,rms_z,1,48.61453802437914,0.8782988872826453,1
user9,session_8719700167,rms_z,1,36.073696086418174,0.8782988872826453,1
user9,session_8742024614,rms_z,1,33.324728245832794,0.8782988872826453,1
user9,session_9000198916,rms_z,0,6.1848639565613635,0.8782988872826453,1
user9,session_9057489846,rms_z,1,36.10999781950531,0.8782988872826453,1
user9,session_9316476581,rms_z,1,48.15192534078129,0.8782988872826453,1
user9,session_9418948998,rms_z,1,28.767183451121497,0.8782988872826453,1
user9,session_9495657954,rms_z,1,35.206677837406964,0.8782988872826453,1
user9,session_9821034386,rms_z,1,34.171681266916075,0.8782988872826453,1
user9,session_9904426178,rms_z,0,5.763565202107486,0.8782988872826453,1
user9,session_9916663391,rms_z,1,45.61453219026847,0.8782988872826453,1
user9,session_0233596484,isolation_forest,1,0.5003009459925327,0.444744560143859,1
user9,session_0249395771,isolation_forest,1,0.4856182917687797,0.444744560143859,1
user9,session_0510101673,isolation_forest,0,0.4678694387764822,0.444744560143859,1
user9,session_0626697371,isolation_forest,0,0.49881292175348085,0.444744560143859,1
user9,session_0815666379,isolation_forest,0,0.4784393518490222,0.444744560143859,1
user9,session_0867569021,isolation_forest,1,0.4870669546994406,0.444744560143859,1
user9,session_1067162598,isolation_forest,1,0.49070754702359054,0.444744560143859,1
user9,session_1177848198,isolation_forest,0,0.46647787421681536,0.444744560143859,1
user9,session_1281792837,isolation_forest,0,0.4588979222772412,0.444744560143859,1
user9,session_1334666365,isolation_forest,0,0.48345337217481593,0.444744560143859,1
user9,session_1388817097,isolation_forest,1,0.4720690893423505,0.444744560143859,1
user9,session_1428731346,isolation_forest,1,0.5278574323720201,0.444744560143859,1
user9,session_1498771725,isolation_forest,0,0.48345337217481593,0.444744560143859,1
user9,session_1814762834,isolation_forest,0,0.46647787421681536,0.444744560143859,1
user9,session_1970148824,isolation_forest,0,0.47559757980253525,0.444744560143859,1
user9,session_2092170870,isolation_forest,1,0.46232796456874053,0.444744560143859,1
user9,session_2386499713,isolation_forest,1,0.49217139186884823,0.444744560143859,1
user9,session_2541149709,isolation_forest,1,0.4678694387764822,0.444744560143859,1
user9,session_2592273518,isolation_forest,0,0.46856677699041593,0.444744560143859,1
user9,session_2760097341,isolation_forest,1,0.4936396035548933,0.444744560143859,1
user9,session_3277767566,isolation_forest,1,0.47701634963771267,0.444744560143859,1
user9,session_3452570104,isolation_forest,1,0.48634208384445193,0.444744560143859,1
user9,session_3524810503,isolation_forest,1,0.47066503393714837,0.444744560143859,1
user9,session_3561215335,isolation_forest,1,0.4657836447843845,0.444744560143859,1
user9,session_3735537656,isolation_forest,1,0.469964573020489,0.444744560143859,1
user9,session_3828692242,isolation_forest,1,0.4841739375358583,0.444744560143859,1
user9,session_3919629858,isolation_forest,1,0.4936396035548933,0.444744560143859,1
user9,session_3926840201,isolation_forest,0,0.47772732090812414,0.444744560143859,1
user9,session_4066780045,isolation_forest,1,0.48345337217481593,0.444744560143859,1
user9,session_4088341904,isolation_forest,1,0.47277268694529767,0.444744560143859,1
user9,session_4243186683,isolation_forest,0,0.46647787421681536,0.444744560143859,1
user9,session_4269912456,isolation_forest,1,0.4678694387764822,0.444744560143859,1
user9,session_4322210317,isolation_forest,1,0.48058181850031845,0.444744560143859,1
user9,session_4619254586,isolation_forest,1,0.49437535103258745,0.444744560143859,1
user9,session_4948057062,isolation_forest,0,0.469964573020489,0.444744560143859,1
user9,session_4949372670,isolation_forest,1,0.47915244403979773,0.444744560143859,1
user9,session_4962669721,isolation_forest,1,0.4734773332286139,0.444744560143859,1
user9,session_5496662888,isolation_forest,0,0.4671731383667813,0.444744560143859,1
user9,session_5499827097,isolation_forest,1,0.48634208384445193,0.444744560143859,1
user9,session_5745729038,isolation_forest,0,0.4827338791854964,0.444744560143859,1
user9,session_6228883788,isolation_forest,1,0.4720690893423505,0.444744560143859,1
user9,session_6399026328,isolation_forest,1,0.47277268694529767,0.444744560143859,1
user9,session_6448386600,isolation_forest,0,0.4827338791854964,0.444744560143859,1
user9,session_6845822655,isolation_forest,0,0.474889778090726,0.444744560143859,1
user9,session_6951064037,isolation_forest,1,0.47066503393714837,0.444744560143859,1
user9,session_7103728864,isolation_forest,0,0.5032903246259203,0.444744560143859,1
user9,session_7395469781,isolation_forest,1,0.484895576866945,0.444744560143859,1
user9,session_7422270211,isolation_forest,0,0.45617221988115164,0.444744560143859,1
user9,session_7422282952,isolation_forest,0,0.47277268694529767,0.444744560143859,1
user9,session_7555995161,isolation_forest,1,0.47418302975531,0.444744560143859,1
user9,session_7729762375,isolation_forest,0,0.4914389244037847,0.444744560143859,1
user9,session_7861130331,isolation_forest,1,0.4643982839148022,0.444744560143859,1
user9,session_7896781089,isolation_forest,1,0.5093227746757935,0.444744560143859,1
user9,session_7935100368,isolation_forest,1,0.47277268694529767,0.444744560143859,1
user9,session_8399176672,isolation_forest,1,0.471366538859088,0.444744560143859,1
user9,session_8602611959,isolation_forest,1,0.47915244403979773,0.444744560143859,1
user9,session_8719700167,isolation_forest,1,0.4929049510435031,0.444744560143859,1
user9,session_8742024614,isolation_forest,1,0.4914389244037847,0.444744560143859,1
user9,session_9000198916,isolation_forest,0,0.4734773332286139,0.444744560143859,1
user9,session_9057489846,isolation_forest,1,0.4877929059416172,0.444744560143859,1
user9,session_9316476581,isolation_forest,1,0.48851993918125025,0.444744560143859,1
user9,session_9418948998,isolation_forest,1,0.4973293232828665,0.444744560143859,1
user9,session_9495657954,isolation_forest,1,0.4877929059416172,0.444744560143859,1
user9,session_9821034386,isolation_forest,1,0.47701634963771267,0.444744560143859,1
user9,session_9904426178,isolation_forest,0,0.47559757980253525,0.444744560143859,1
user9,session_9916663391,isolation_forest,1,0.4827338791854964,0.444744560143859,1
