modelo,parametros,corrida,tokens_entrada,tokens_salida,tokens_razonamiento,latencia,salida,acierto,costo_usd,timestamp
base_local,"{""parte"": ""0.b.1"", ""do_sample"": false, ""temperature"": 0.2}",1,5,40,0,0.05,"a single layer of layers, each with its own unique architecture. The cloud architecture is a set of layers that are connected to each other by a single layer of layers. The cloud architecture is a set",True,0.0,2026-09-19T11:42:38.488812
base_local,"{""parte"": ""0.b.1"", ""do_sample"": false, ""temperature"": 1.5}",1,5,40,0,0.05,"a single layer of layers, each with its own unique architecture. The cloud architecture is a set of layers that are connected to each other by a single layer of layers. The cloud architecture is a set",True,0.0,2026-09-19T11:42:38.495456
propietario_economico,"{""parte"": ""Parte 1"", ""caso_id"": ""CASE-01""}",1,89,5,0,0.841,RESOURCE_EXHAUSTION,False,1.6e-05,2026-09-19T11:43:36.760147
propietario_economico,"{""parte"": ""Parte 1"", ""caso_id"": ""CASE-02""}",1,106,5,0,0.9136,SECURITY_BREACH,True,1.9e-05,2026-09-19T11:43:36.761638
propietario_economico,"{""parte"": ""Parte 1"", ""caso_id"": ""CASE-03""}",1,103,3,0,0.9527,NETWORK_PARTITION,True,1.7e-05,2026-09-19T11:43:36.762652
propietario_economico,"{""parte"": ""Parte 1"", ""caso_id"": ""CASE-04""}",1,100,5,0,0.8112,RESOURCE_EXHAUSTION,True,1.8e-05,2026-09-19T11:43:36.763528
propietario_economico,"{""parte"": ""Parte 1"", ""caso_id"": ""CASE-05""}",1,92,3,0,0.9812,DATABASE_OUTAGE,True,1.6e-05,2026-09-19T11:43:36.764305
propietario_economico,"{""parte"": ""Parte 1"", ""caso_id"": ""CASE-06""}",1,99,5,0,0.9437,SECURITY_BREACH,True,1.8e-05,2026-09-19T11:43:36.765054
propietario_economico,"{""parte"": ""Parte 1"", ""caso_id"": ""CASE-07""}",1,95,3,0,0.8601,NETWORK_PARTITION,True,1.6e-05,2026-09-19T11:43:36.765804
propietario_economico,"{""parte"": ""Parte 1"", ""caso_id"": ""CASE-08""}",1,106,5,0,0.8134,RESOURCE_EXHAUSTION,True,1.9e-05,2026-09-19T11:43:36.766548
propietario_economico,"{""parte"": ""Parte 1"", ""caso_id"": ""CASE-09""}",1,98,5,0,0.9685,RESOURCE_EXHAUSTION,False,1.8e-05,2026-09-19T11:43:36.767885
propietario_economico,"{""parte"": ""Parte 1"", ""caso_id"": ""CASE-10""}",1,98,5,0,0.5645,SECURITY_BREACH,True,1.8e-05,2026-09-19T11:43:36.768607
open_weight_pequeno,"{""parte"": ""Parte 1"", ""caso_id"": ""CASE-01""}",1,105,4,0,5.8844,DATABASE_OUTAGE,True,0.0,2026-09-19T11:43:50.969569
open_weight_pequeno,"{""parte"": ""Parte 1"", ""caso_id"": ""CASE-02""}",1,127,4,0,6.2713,DATABASE_OUTAGE,False,0.0,2026-09-19T11:43:50.970559
open_weight_pequeno,"{""parte"": ""Parte 1"", ""caso_id"": ""CASE-03""}",1,121,4,0,6.7315,DATABASE_OUTAGE,False,0.0,2026-09-19T11:43:50.971405
open_weight_pequeno,"{""parte"": ""Parte 1"", ""caso_id"": ""CASE-04""}",1,118,4,0,7.3116,DATABASE_OUTAGE,False,0.0,2026-09-19T11:43:50.972563
open_weight_pequeno,"{""parte"": ""Parte 1"", ""caso_id"": ""CASE-05""}",1,107,4,0,3.7964,DATABASE_OUTAGE,True,0.0,2026-09-19T11:43:50.973433
open_weight_pequeno,"{""parte"": ""Parte 1"", ""caso_id"": ""CASE-06""}",1,116,4,0,4.6004,DATABASE_OUTAGE,False,0.0,2026-09-19T11:43:50.975694
open_weight_pequeno,"{""parte"": ""Parte 1"", ""caso_id"": ""CASE-07""}",1,112,4,0,4.645,DATABASE_OUTAGE,False,0.0,2026-09-19T11:43:50.977197
open_weight_pequeno,"{""parte"": ""Parte 1"", ""caso_id"": ""CASE-08""}",1,126,4,0,4.6541,DATABASE_OUTAGE,False,0.0,2026-09-19T11:43:50.978383
open_weight_pequeno,"{""parte"": ""Parte 1"", ""caso_id"": ""CASE-09""}",1,111,4,0,3.0847,DATABASE_OUTAGE,True,0.0,2026-09-19T11:43:50.979450
open_weight_pequeno,"{""parte"": ""Parte 1"", ""caso_id"": ""CASE-10""}",1,118,4,0,3.3126,DATABASE_OUTAGE,False,0.0,2026-09-19T11:43:50.980397
propietario_economico,"{""parte"": ""2.b"", ""temperature"": 0.0, ""top_p"": 0.5, ""caso"": ""CASE-01""}",1,89,5,0,0.7288,RESOURCE_EXHAUSTION,False,1.6e-05,2026-09-19T11:44:49.236538
propietario_economico,"{""parte"": ""2.b"", ""temperature"": 0.0, ""top_p"": 0.5, ""caso"": ""CASE-02""}",1,106,5,0,0.8798,SECURITY_BREACH,True,1.9e-05,2026-09-19T11:44:49.237210
propietario_economico,"{""parte"": ""2.b"", ""temperature"": 0.0, ""top_p"": 0.5, ""caso"": ""CASE-03""}",1,103,3,0,1.0645,NETWORK_PARTITION,True,1.7e-05,2026-09-19T11:44:49.237708
propietario_economico,"{""parte"": ""2.b"", ""temperature"": 0.0, ""top_p"": 0.5, ""caso"": ""CASE-04""}",1,100,5,0,0.6385,RESOURCE_EXHAUSTION,True,1.8e-05,2026-09-19T11:44:49.238185
propietario_economico,"{""parte"": ""2.b"", ""temperature"": 0.0, ""top_p"": 0.5, ""caso"": ""CASE-05""}",1,92,3,0,0.7874,DATABASE_OUTAGE,True,1.6e-05,2026-09-19T11:44:49.238686
propietario_economico,"{""parte"": ""2.b"", ""temperature"": 0.0, ""top_p"": 0.5, ""caso"": ""CASE-06""}",1,99,5,0,0.9721,SECURITY_BREACH,True,1.8e-05,2026-09-19T11:44:49.239192
propietario_economico,"{""parte"": ""2.b"", ""temperature"": 0.0, ""top_p"": 0.5, ""caso"": ""CASE-07""}",1,95,3,0,0.7077,NETWORK_PARTITION,True,1.6e-05,2026-09-19T11:44:49.239695
propietario_economico,"{""parte"": ""2.b"", ""temperature"": 0.0, ""top_p"": 0.5, ""caso"": ""CASE-08""}",1,106,5,0,0.6338,RESOURCE_EXHAUSTION,True,1.9e-05,2026-09-19T11:44:49.240194
propietario_economico,"{""parte"": ""2.b"", ""temperature"": 0.0, ""top_p"": 0.5, ""caso"": ""CASE-09""}",1,98,5,0,0.6353,RESOURCE_EXHAUSTION,False,1.8e-05,2026-09-19T11:44:49.240695
propietario_economico,"{""parte"": ""2.b"", ""temperature"": 0.0, ""top_p"": 0.5, ""caso"": ""CASE-10""}",1,98,5,0,0.7168,SECURITY_BREACH,True,1.8e-05,2026-09-19T11:44:49.241211
propietario_economico,"{""parte"": ""2.b"", ""temperature"": 0.0, ""top_p"": 0.5, ""caso"": ""CASE-01""}",2,89,5,0,0.6489,RESOURCE_EXHAUSTION,False,1.6e-05,2026-09-19T11:44:49.241727
propietario_economico,"{""parte"": ""2.b"", ""temperature"": 0.0, ""top_p"": 0.5, ""caso"": ""CASE-02""}",2,106,5,0,0.7772,SECURITY_BREACH,True,1.9e-05,2026-09-19T11:44:49.242206
propietario_economico,"{""parte"": ""2.b"", ""temperature"": 0.0, ""top_p"": 0.5, ""caso"": ""CASE-03""}",2,103,3,0,0.6162,NETWORK_PARTITION,True,1.7e-05,2026-09-19T11:44:49.242681
propietario_economico,"{""parte"": ""2.b"", ""temperature"": 0.0, ""top_p"": 0.5, ""caso"": ""CASE-04""}",2,100,5,0,0.5113,RESOURCE_EXHAUSTION,True,1.8e-05,2026-09-19T11:44:49.243156
propietario_economico,"{""parte"": ""2.b"", ""temperature"": 0.0, ""top_p"": 0.5, ""caso"": ""CASE-05""}",2,92,3,0,0.6151,DATABASE_OUTAGE,True,1.6e-05,2026-09-19T11:44:49.243553
propietario_economico,"{""parte"": ""2.b"", ""temperature"": 0.0, ""top_p"": 0.5, ""caso"": ""CASE-06""}",2,99,5,0,0.472,SECURITY_BREACH,True,1.8e-05,2026-09-19T11:44:49.243962
propietario_economico,"{""parte"": ""2.b"", ""temperature"": 0.0, ""top_p"": 0.5, ""caso"": ""CASE-07""}",2,95,3,0,0.5272,NETWORK_PARTITION,True,1.6e-05,2026-09-19T11:44:49.244358
propietario_economico,"{""parte"": ""2.b"", ""temperature"": 0.0, ""top_p"": 0.5, ""caso"": ""CASE-08""}",2,106,5,0,0.4834,RESOURCE_EXHAUSTION,True,1.9e-05,2026-09-19T11:44:49.244751
propietario_economico,"{""parte"": ""2.b"", ""temperature"": 0.0, ""top_p"": 0.5, ""caso"": ""CASE-09""}",2,98,5,0,0.542,RESOURCE_EXHAUSTION,False,1.8e-05,2026-09-19T11:44:49.245235
propietario_economico,"{""parte"": ""2.b"", ""temperature"": 0.0, ""top_p"": 0.5, ""caso"": ""CASE-10""}",2,98,5,0,0.5267,SECURITY_BREACH,True,1.8e-05,2026-09-19T11:44:49.245677
propietario_economico,"{""parte"": ""2.b"", ""temperature"": 0.0, ""top_p"": 0.5, ""caso"": ""CASE-01""}",3,89,5,0,0.9583,RESOURCE_EXHAUSTION,False,1.6e-05,2026-09-19T11:44:49.246109
propietario_economico,"{""parte"": ""2.b"", ""temperature"": 0.0, ""top_p"": 0.5, ""caso"": ""CASE-02""}",3,106,5,0,0.6444,SECURITY_BREACH,True,1.9e-05,2026-09-19T11:44:49.246534
propietario_economico,"{""parte"": ""2.b"", ""temperature"": 0.0, ""top_p"": 0.5, ""caso"": ""CASE-03""}",3,103,3,0,0.5254,NETWORK_PARTITION,True,1.7e-05,2026-09-19T11:44:49.246941
propietario_economico,"{""parte"": ""2.b"", ""temperature"": 0.0, ""top_p"": 0.5, ""caso"": ""CASE-04""}",3,100,5,0,0.4686,RESOURCE_EXHAUSTION,True,1.8e-05,2026-09-19T11:44:49.247337
propietario_economico,"{""parte"": ""2.b"", ""temperature"": 0.0, ""top_p"": 0.5, ""caso"": ""CASE-05""}",3,92,3,0,0.6455,DATABASE_OUTAGE,True,1.6e-05,2026-09-19T11:44:49.247748
propietario_economico,"{""parte"": ""2.b"", ""temperature"": 0.0, ""top_p"": 0.5, ""caso"": ""CASE-06""}",3,99,5,0,0.533,SECURITY_BREACH,True,1.8e-05,2026-09-19T11:44:49.248149
propietario_economico,"{""parte"": ""2.b"", ""temperature"": 0.0, ""top_p"": 0.5, ""caso"": ""CASE-07""}",3,95,3,0,0.4986,NETWORK_PARTITION,True,1.6e-05,2026-09-19T11:44:49.248542
propietario_economico,"{""parte"": ""2.b"", ""temperature"": 0.0, ""top_p"": 0.5, ""caso"": ""CASE-08""}",3,106,5,0,0.4983,RESOURCE_EXHAUSTION,True,1.9e-05,2026-09-19T11:44:49.248937
propietario_economico,"{""parte"": ""2.b"", ""temperature"": 0.0, ""top_p"": 0.5, ""caso"": ""CASE-09""}",3,98,5,0,0.5098,RESOURCE_EXHAUSTION,False,1.8e-05,2026-09-19T11:44:49.249333
propietario_economico,"{""parte"": ""2.b"", ""temperature"": 0.0, ""top_p"": 0.5, ""caso"": ""CASE-10""}",3,98,5,0,0.4824,SECURITY_BREACH,True,1.8e-05,2026-09-19T11:44:49.249730
propietario_economico,"{""parte"": ""2.b"", ""temperature"": 0.0, ""top_p"": 0.5, ""caso"": ""CASE-01""}",4,89,5,0,0.4754,RESOURCE_EXHAUSTION,False,1.6e-05,2026-09-19T11:44:49.250124
propietario_economico,"{""parte"": ""2.b"", ""temperature"": 0.0, ""top_p"": 0.5, ""caso"": ""CASE-02""}",4,106,5,0,0.6042,SECURITY_BREACH,True,1.9e-05,2026-09-19T11:44:49.250520
propietario_economico,"{""parte"": ""2.b"", ""temperature"": 0.0, ""top_p"": 0.5, ""caso"": ""CASE-03""}",4,103,3,0,0.5238,NETWORK_PARTITION,True,1.7e-05,2026-09-19T11:44:49.250917
propietario_economico,"{""parte"": ""2.b"", ""temperature"": 0.0, ""top_p"": 0.5, ""caso"": ""CASE-04""}",4,100,5,0,0.5314,RESOURCE_EXHAUSTION,True,1.8e-05,2026-09-19T11:44:49.251310
propietario_economico,"{""parte"": ""2.b"", ""temperature"": 0.0, ""top_p"": 0.5, ""caso"": ""CASE-05""}",4,92,3,0,0.6702,DATABASE_OUTAGE,True,1.6e-05,2026-09-19T11:44:49.251704
propietario_economico,"{""parte"": ""2.b"", ""temperature"": 0.0, ""top_p"": 0.5, ""caso"": ""CASE-06""}",4,99,5,0,0.4899,SECURITY_BREACH,True,1.8e-05,2026-09-19T11:44:49.252098
propietario_economico,"{""parte"": ""2.b"", ""temperature"": 0.0, ""top_p"": 0.5, ""caso"": ""CASE-07""}",4,95,3,0,0.5085,NETWORK_PARTITION,True,1.6e-05,2026-09-19T11:44:49.252491
propietario_economico,"{""parte"": ""2.b"", ""temperature"": 0.0, ""top_p"": 0.5, ""caso"": ""CASE-08""}",4,106,5,0,0.461,RESOURCE_EXHAUSTION,True,1.9e-05,2026-09-19T11:44:49.252883
propietario_economico,"{""parte"": ""2.b"", ""temperature"": 0.0, ""top_p"": 0.5, ""caso"": ""CASE-09""}",4,98,5,0,0.5223,RESOURCE_EXHAUSTION,False,1.8e-05,2026-09-19T11:44:49.253286
propietario_economico,"{""parte"": ""2.b"", ""temperature"": 0.0, ""top_p"": 0.5, ""caso"": ""CASE-10""}",4,98,5,0,0.5239,SECURITY_BREACH,True,1.8e-05,2026-09-19T11:44:49.253644
propietario_economico,"{""parte"": ""2.b"", ""temperature"": 0.0, ""top_p"": 0.5, ""caso"": ""CASE-01""}",5,89,5,0,0.4724,RESOURCE_EXHAUSTION,False,1.6e-05,2026-09-19T11:44:49.254003
propietario_economico,"{""parte"": ""2.b"", ""temperature"": 0.0, ""top_p"": 0.5, ""caso"": ""CASE-02""}",5,106,5,0,0.5964,SECURITY_BREACH,True,1.9e-05,2026-09-19T11:44:49.254370
propietario_economico,"{""parte"": ""2.b"", ""temperature"": 0.0, ""top_p"": 0.5, ""caso"": ""CASE-03""}",5,103,3,0,0.4776,NETWORK_PARTITION,True,1.7e-05,2026-09-19T11:44:49.254717
propietario_economico,"{""parte"": ""2.b"", ""temperature"": 0.0, ""top_p"": 0.5, ""caso"": ""CASE-04""}",5,100,5,0,0.5774,RESOURCE_EXHAUSTION,True,1.8e-05,2026-09-19T11:44:49.255071
propietario_economico,"{""parte"": ""2.b"", ""temperature"": 0.0, ""top_p"": 0.5, ""caso"": ""CASE-05""}",5,92,3,0,0.5967,DATABASE_OUTAGE,True,1.6e-05,2026-09-19T11:44:49.255417
propietario_economico,"{""parte"": ""2.b"", ""temperature"": 0.0, ""top_p"": 0.5, ""caso"": ""CASE-06""}",5,99,5,0,0.56,SECURITY_BREACH,True,1.8e-05,2026-09-19T11:44:49.255762
propietario_economico,"{""parte"": ""2.b"", ""temperature"": 0.0, ""top_p"": 0.5, ""caso"": ""CASE-07""}",5,95,3,0,0.5331,NETWORK_PARTITION,True,1.6e-05,2026-09-19T11:44:49.256108
propietario_economico,"{""parte"": ""2.b"", ""temperature"": 0.0, ""top_p"": 0.5, ""caso"": ""CASE-08""}",5,106,5,0,0.4741,RESOURCE_EXHAUSTION,True,1.9e-05,2026-09-19T11:44:49.256455
propietario_economico,"{""parte"": ""2.b"", ""temperature"": 0.0, ""top_p"": 0.5, ""caso"": ""CASE-09""}",5,98,5,0,0.5177,RESOURCE_EXHAUSTION,False,1.8e-05,2026-09-19T11:44:49.256800
propietario_economico,"{""parte"": ""2.b"", ""temperature"": 0.0, ""top_p"": 0.5, ""caso"": ""CASE-10""}",5,98,5,0,0.48,SECURITY_BREACH,True,1.8e-05,2026-09-19T11:44:49.257147
propietario_economico,"{""parte"": ""2.b"", ""temperature"": 0.0, ""top_p"": 0.9, ""caso"": ""CASE-01""}",1,89,5,0,0.5461,RESOURCE_EXHAUSTION,False,1.6e-05,2026-09-19T11:44:49.257741
propietario_economico,"{""parte"": ""2.b"", ""temperature"": 0.0, ""top_p"": 0.9, ""caso"": ""CASE-02""}",1,106,5,0,0.6416,SECURITY_BREACH,True,1.9e-05,2026-09-19T11:44:49.258097
propietario_economico,"{""parte"": ""2.b"", ""temperature"": 0.0, ""top_p"": 0.9, ""caso"": ""CASE-03""}",1,103,3,0,0.5129,NETWORK_PARTITION,True,1.7e-05,2026-09-19T11:44:49.258449
propietario_economico,"{""parte"": ""2.b"", ""temperature"": 0.0, ""top_p"": 0.9, ""caso"": ""CASE-04""}",1,100,5,0,0.7683,RESOURCE_EXHAUSTION,True,1.8e-05,2026-09-19T11:44:49.258797
propietario_economico,"{""parte"": ""2.b"", ""temperature"": 0.0, ""top_p"": 0.9, ""caso"": ""CASE-05""}",1,92,3,0,0.652,DATABASE_OUTAGE,True,1.6e-05,2026-09-19T11:44:49.259144
propietario_economico,"{""parte"": ""2.b"", ""temperature"": 0.0, ""top_p"": 0.9, ""caso"": ""CASE-06""}",1,99,5,0,0.503,SECURITY_BREACH,True,1.8e-05,2026-09-19T11:44:49.259492
propietario_economico,"{""parte"": ""2.b"", ""temperature"": 0.0, ""top_p"": 0.9, ""caso"": ""CASE-07""}",1,95,3,0,0.498,NETWORK_PARTITION,True,1.6e-05,2026-09-19T11:44:49.259837
propietario_economico,"{""parte"": ""2.b"", ""temperature"": 0.0, ""top_p"": 0.9, ""caso"": ""CASE-08""}",1,106,5,0,0.4669,RESOURCE_EXHAUSTION,True,1.9e-05,2026-09-19T11:44:49.260185
propietario_economico,"{""parte"": ""2.b"", ""temperature"": 0.0, ""top_p"": 0.9, ""caso"": ""CASE-09""}",1,98,5,0,0.4828,RESOURCE_EXHAUSTION,False,1.8e-05,2026-09-19T11:44:49.260530
propietario_economico,"{""parte"": ""2.b"", ""temperature"": 0.0, ""top_p"": 0.9, ""caso"": ""CASE-10""}",1,98,5,0,0.4983,SECURITY_BREACH,True,1.8e-05,2026-09-19T11:44:49.260888
propietario_economico,"{""parte"": ""2.b"", ""temperature"": 0.0, ""top_p"": 0.9, ""caso"": ""CASE-01""}",2,89,5,0,0.5503,RESOURCE_EXHAUSTION,False,1.6e-05,2026-09-19T11:44:49.261237
propietario_economico,"{""parte"": ""2.b"", ""temperature"": 0.0, ""top_p"": 0.9, ""caso"": ""CASE-02""}",2,106,5,0,0.6138,SECURITY_BREACH,True,1.9e-05,2026-09-19T11:44:49.261581
propietario_economico,"{""parte"": ""2.b"", ""temperature"": 0.0, ""top_p"": 0.9, ""caso"": ""CASE-03""}",2,103,3,0,0.6415,NETWORK_PARTITION,True,1.7e-05,2026-09-19T11:44:49.261924
propietario_economico,"{""parte"": ""2.b"", ""temperature"": 0.0, ""top_p"": 0.9, ""caso"": ""CASE-04""}",2,100,5,0,0.5179,RESOURCE_EXHAUSTION,True,1.8e-05,2026-09-19T11:44:49.262268
propietario_economico,"{""parte"": ""2.b"", ""temperature"": 0.0, ""top_p"": 0.9, ""caso"": ""CASE-05""}",2,92,3,0,0.6685,DATABASE_OUTAGE,True,1.6e-05,2026-09-19T11:44:49.262613
propietario_economico,"{""parte"": ""2.b"", ""temperature"": 0.0, ""top_p"": 0.9, ""caso"": ""CASE-06""}",2,99,5,0,0.476,SECURITY_BREACH,True,1.8e-05,2026-09-19T11:44:49.262958
propietario_economico,"{""parte"": ""2.b"", ""temperature"": 0.0, ""top_p"": 0.9, ""caso"": ""CASE-07""}",2,95,3,0,0.5181,NETWORK_PARTITION,True,1.6e-05,2026-09-19T11:44:49.263300
propietario_economico,"{""parte"": ""2.b"", ""temperature"": 0.0, ""top_p"": 0.9, ""caso"": ""CASE-08""}",2,106,5,0,0.5138,RESOURCE_EXHAUSTION,True,1.9e-05,2026-09-19T11:44:49.263646
propietario_economico,"{""parte"": ""2.b"", ""temperature"": 0.0, ""top_p"": 0.9, ""caso"": ""CASE-09""}",2,98,5,0,0.5104,RESOURCE_EXHAUSTION,False,1.8e-05,2026-09-19T11:44:49.263989
propietario_economico,"{""parte"": ""2.b"", ""temperature"": 0.0, ""top_p"": 0.9, ""caso"": ""CASE-10""}",2,98,5,0,0.5458,SECURITY_BREACH,True,1.8e-05,2026-09-19T11:44:49.264332
propietario_economico,"{""parte"": ""2.b"", ""temperature"": 0.0, ""top_p"": 0.9, ""caso"": ""CASE-01""}",3,89,5,0,0.492,RESOURCE_EXHAUSTION,False,1.6e-05,2026-09-19T11:44:49.264676
propietario_economico,"{""parte"": ""2.b"", ""temperature"": 0.0, ""top_p"": 0.9, ""caso"": ""CASE-02""}",3,106,5,0,0.7113,SECURITY_BREACH,True,1.9e-05,2026-09-19T11:44:49.265025
propietario_economico,"{""parte"": ""2.b"", ""temperature"": 0.0, ""top_p"": 0.9, ""caso"": ""CASE-03""}",3,103,3,0,0.5402,NETWORK_PARTITION,True,1.7e-05,2026-09-19T11:44:49.265368
propietario_economico,"{""parte"": ""2.b"", ""temperature"": 0.0, ""top_p"": 0.9, ""caso"": ""CASE-04""}",3,100,5,0,0.557,RESOURCE_EXHAUSTION,True,1.8e-05,2026-09-19T11:44:49.265711
propietario_economico,"{""parte"": ""2.b"", ""temperature"": 0.0, ""top_p"": 0.9, ""caso"": ""CASE-05""}",3,92,3,0,0.6447,DATABASE_OUTAGE,True,1.6e-05,2026-09-19T11:44:49.266055
propietario_economico,"{""parte"": ""2.b"", ""temperature"": 0.0, ""top_p"": 0.9, ""caso"": ""CASE-06""}",3,99,5,0,0.4798,SECURITY_BREACH,True,1.8e-05,2026-09-19T11:44:49.266397
propietario_economico,"{""parte"": ""2.b"", ""temperature"": 0.0, ""top_p"": 0.9, ""caso"": ""CASE-07""}",3,95,3,0,0.524,NETWORK_PARTITION,True,1.6e-05,2026-09-19T11:44:49.266742
propietario_economico,"{""parte"": ""2.b"", ""temperature"": 0.0, ""top_p"": 0.9, ""caso"": ""CASE-08""}",3,106,5,0,0.5236,RESOURCE_EXHAUSTION,True,1.9e-05,2026-09-19T11:44:49.267088
propietario_economico,"{""parte"": ""2.b"", ""temperature"": 0.0, ""top_p"": 0.9, ""caso"": ""CASE-09""}",3,98,5,0,0.6429,RESOURCE_EXHAUSTION,False,1.8e-05,2026-09-19T11:44:49.267434
propietario_economico,"{""parte"": ""2.b"", ""temperature"": 0.0, ""top_p"": 0.9, ""caso"": ""CASE-10""}",3,98,5,0,0.5585,SECURITY_BREACH,True,1.8e-05,2026-09-19T11:44:49.267781
propietario_economico,"{""parte"": ""2.b"", ""temperature"": 0.0, ""top_p"": 0.9, ""caso"": ""CASE-01""}",4,89,5,0,0.4763,RESOURCE_EXHAUSTION,False,1.6e-05,2026-09-19T11:44:49.268097
propietario_economico,"{""parte"": ""2.b"", ""temperature"": 0.0, ""top_p"": 0.9, ""caso"": ""CASE-02""}",4,106,5,0,0.7074,SECURITY_BREACH,True,1.9e-05,2026-09-19T11:44:49.268413
propietario_economico,"{""parte"": ""2.b"", ""temperature"": 0.0, ""top_p"": 0.9, ""caso"": ""CASE-03""}",4,103,3,0,0.4714,NETWORK_PARTITION,True,1.7e-05,2026-09-19T11:44:49.268729
propietario_economico,"{""parte"": ""2.b"", ""temperature"": 0.0, ""top_p"": 0.9, ""caso"": ""CASE-04""}",4,100,5,0,0.5105,RESOURCE_EXHAUSTION,True,1.8e-05,2026-09-19T11:44:49.269043
propietario_economico,"{""parte"": ""2.b"", ""temperature"": 0.0, ""top_p"": 0.9, ""caso"": ""CASE-05""}",4,92,3,0,0.618,DATABASE_OUTAGE,True,1.6e-05,2026-09-19T11:44:49.269359
propietario_economico,"{""parte"": ""2.b"", ""temperature"": 0.0, ""top_p"": 0.9, ""caso"": ""CASE-06""}",4,99,5,0,0.5174,SECURITY_BREACH,True,1.8e-05,2026-09-19T11:44:49.269674
propietario_economico,"{""parte"": ""2.b"", ""temperature"": 0.0, ""top_p"": 0.9, ""caso"": ""CASE-07""}",4,95,3,0,0.561,NETWORK_PARTITION,True,1.6e-05,2026-09-19T11:44:49.269990
propietario_economico,"{""parte"": ""2.b"", ""temperature"": 0.0, ""top_p"": 0.9, ""caso"": ""CASE-08""}",4,106,5,0,0.4979,RESOURCE_EXHAUSTION,True,1.9e-05,2026-09-19T11:44:49.270325
propietario_economico,"{""parte"": ""2.b"", ""temperature"": 0.0, ""top_p"": 0.9, ""caso"": ""CASE-09""}",4,98,5,0,0.4737,RESOURCE_EXHAUSTION,False,1.8e-05,2026-09-19T11:44:49.270641
propietario_economico,"{""parte"": ""2.b"", ""temperature"": 0.0, ""top_p"": 0.9, ""caso"": ""CASE-10""}",4,98,5,0,0.4974,SECURITY_BREACH,True,1.8e-05,2026-09-19T11:44:49.271068
propietario_economico,"{""parte"": ""2.b"", ""temperature"": 0.0, ""top_p"": 0.9, ""caso"": ""CASE-01""}",5,89,5,0,0.6745,RESOURCE_EXHAUSTION,False,1.6e-05,2026-09-19T11:44:49.271384
propietario_economico,"{""parte"": ""2.b"", ""temperature"": 0.0, ""top_p"": 0.9, ""caso"": ""CASE-02""}",5,106,5,0,0.6323,SECURITY_BREACH,True,1.9e-05,2026-09-19T11:44:49.271707
propietario_economico,"{""parte"": ""2.b"", ""temperature"": 0.0, ""top_p"": 0.9, ""caso"": ""CASE-03""}",5,103,3,0,0.5256,NETWORK_PARTITION,True,1.7e-05,2026-09-19T11:44:49.272049
propietario_economico,"{""parte"": ""2.b"", ""temperature"": 0.0, ""top_p"": 0.9, ""caso"": ""CASE-04""}",5,100,5,0,0.5203,RESOURCE_EXHAUSTION,True,1.8e-05,2026-09-19T11:44:49.272357
propietario_economico,"{""parte"": ""2.b"", ""temperature"": 0.0, ""top_p"": 0.9, ""caso"": ""CASE-05""}",5,92,3,0,0.5995,DATABASE_OUTAGE,True,1.6e-05,2026-09-19T11:44:49.272663
propietario_economico,"{""parte"": ""2.b"", ""temperature"": 0.0, ""top_p"": 0.9, ""caso"": ""CASE-06""}",5,99,5,0,0.4991,SECURITY_BREACH,True,1.8e-05,2026-09-19T11:44:49.272970
propietario_economico,"{""parte"": ""2.b"", ""temperature"": 0.0, ""top_p"": 0.9, ""caso"": ""CASE-07""}",5,95,3,0,0.5105,NETWORK_PARTITION,True,1.6e-05,2026-09-19T11:44:49.273279
propietario_economico,"{""parte"": ""2.b"", ""temperature"": 0.0, ""top_p"": 0.9, ""caso"": ""CASE-08""}",5,106,5,0,0.4815,RESOURCE_EXHAUSTION,True,1.9e-05,2026-09-19T11:44:49.273588
propietario_economico,"{""parte"": ""2.b"", ""temperature"": 0.0, ""top_p"": 0.9, ""caso"": ""CASE-09""}",5,98,5,0,0.5092,RESOURCE_EXHAUSTION,False,1.8e-05,2026-09-19T11:44:49.273895
propietario_economico,"{""parte"": ""2.b"", ""temperature"": 0.0, ""top_p"": 0.9, ""caso"": ""CASE-10""}",5,98,5,0,0.5763,SECURITY_BREACH,True,1.8e-05,2026-09-19T11:44:49.274203
propietario_economico,"{""parte"": ""2.b"", ""temperature"": 0.0, ""top_p"": 1.0, ""caso"": ""CASE-01""}",1,89,5,0,0.546,RESOURCE_EXHAUSTION,False,1.6e-05,2026-09-19T11:44:49.274706
propietario_economico,"{""parte"": ""2.b"", ""temperature"": 0.0, ""top_p"": 1.0, ""caso"": ""CASE-02""}",1,106,5,0,0.6786,SECURITY_BREACH,True,1.9e-05,2026-09-19T11:44:49.275025
propietario_economico,"{""parte"": ""2.b"", ""temperature"": 0.0, ""top_p"": 1.0, ""caso"": ""CASE-03""}",1,103,3,0,0.5275,NETWORK_PARTITION,True,1.7e-05,2026-09-19T11:44:49.275338
propietario_economico,"{""parte"": ""2.b"", ""temperature"": 0.0, ""top_p"": 1.0, ""caso"": ""CASE-04""}",1,100,5,0,0.4927,RESOURCE_EXHAUSTION,True,1.8e-05,2026-09-19T11:44:49.275648
propietario_economico,"{""parte"": ""2.b"", ""temperature"": 0.0, ""top_p"": 1.0, ""caso"": ""CASE-05""}",1,92,3,0,0.5923,DATABASE_OUTAGE,True,1.6e-05,2026-09-19T11:44:49.275956
propietario_economico,"{""parte"": ""2.b"", ""temperature"": 0.0, ""top_p"": 1.0, ""caso"": ""CASE-06""}",1,99,5,0,0.5549,SECURITY_BREACH,True,1.8e-05,2026-09-19T11:44:49.276263
propietario_economico,"{""parte"": ""2.b"", ""temperature"": 0.0, ""top_p"": 1.0, ""caso"": ""CASE-07""}",1,95,3,0,0.5315,NETWORK_PARTITION,True,1.6e-05,2026-09-19T11:44:49.276570
propietario_economico,"{""parte"": ""2.b"", ""temperature"": 0.0, ""top_p"": 1.0, ""caso"": ""CASE-08""}",1,106,5,0,0.4689,RESOURCE_EXHAUSTION,True,1.9e-05,2026-09-19T11:44:49.276881
propietario_economico,"{""parte"": ""2.b"", ""temperature"": 0.0, ""top_p"": 1.0, ""caso"": ""CASE-09""}",1,98,5,0,0.556,RESOURCE_EXHAUSTION,False,1.8e-05,2026-09-19T11:44:49.277188
propietario_economico,"{""parte"": ""2.b"", ""temperature"": 0.0, ""top_p"": 1.0, ""caso"": ""CASE-10""}",1,98,5,0,0.5334,SECURITY_BREACH,True,1.8e-05,2026-09-19T11:44:49.277496
propietario_economico,"{""parte"": ""2.b"", ""temperature"": 0.0, ""top_p"": 1.0, ""caso"": ""CASE-01""}",2,89,5,0,0.4963,RESOURCE_EXHAUSTION,False,1.6e-05,2026-09-19T11:44:49.277806
propietario_economico,"{""parte"": ""2.b"", ""temperature"": 0.0, ""top_p"": 1.0, ""caso"": ""CASE-02""}",2,106,5,0,0.6414,SECURITY_BREACH,True,1.9e-05,2026-09-19T11:44:49.278213
propietario_economico,"{""parte"": ""2.b"", ""temperature"": 0.0, ""top_p"": 1.0, ""caso"": ""CASE-03""}",2,103,3,0,0.5126,NETWORK_PARTITION,True,1.7e-05,2026-09-19T11:44:49.278584
propietario_economico,"{""parte"": ""2.b"", ""temperature"": 0.0, ""top_p"": 1.0, ""caso"": ""CASE-04""}",2,100,5,0,0.5475,RESOURCE_EXHAUSTION,True,1.8e-05,2026-09-19T11:44:49.278893
propietario_economico,"{""parte"": ""2.b"", ""temperature"": 0.0, ""top_p"": 1.0, ""caso"": ""CASE-05""}",2,92,3,0,0.6159,DATABASE_OUTAGE,True,1.6e-05,2026-09-19T11:44:49.279201
propietario_economico,"{""parte"": ""2.b"", ""temperature"": 0.0, ""top_p"": 1.0, ""caso"": ""CASE-06""}",2,99,5,0,0.4777,SECURITY_BREACH,True,1.8e-05,2026-09-19T11:44:49.279509
propietario_economico,"{""parte"": ""2.b"", ""temperature"": 0.0, ""top_p"": 1.0, ""caso"": ""CASE-07""}",2,95,3,0,0.4909,NETWORK_PARTITION,True,1.6e-05,2026-09-19T11:44:49.279817
propietario_economico,"{""parte"": ""2.b"", ""temperature"": 0.0, ""top_p"": 1.0, ""caso"": ""CASE-08""}",2,106,5,0,0.4303,RESOURCE_EXHAUSTION,True,1.9e-05,2026-09-19T11:44:49.280125
propietario_economico,"{""parte"": ""2.b"", ""temperature"": 0.0, ""top_p"": 1.0, ""caso"": ""CASE-09""}",2,98,5,0,0.5205,RESOURCE_EXHAUSTION,False,1.8e-05,2026-09-19T11:44:49.280432
propietario_economico,"{""parte"": ""2.b"", ""temperature"": 0.0, ""top_p"": 1.0, ""caso"": ""CASE-10""}",2,98,5,0,0.4686,SECURITY_BREACH,True,1.8e-05,2026-09-19T11:44:49.280740
propietario_economico,"{""parte"": ""2.b"", ""temperature"": 0.0, ""top_p"": 1.0, ""caso"": ""CASE-01""}",3,89,5,0,0.4827,RESOURCE_EXHAUSTION,False,1.6e-05,2026-09-19T11:44:49.281048
propietario_economico,"{""parte"": ""2.b"", ""temperature"": 0.0, ""top_p"": 1.0, ""caso"": ""CASE-02""}",3,106,5,0,0.6033,SECURITY_BREACH,True,1.9e-05,2026-09-19T11:44:49.281354
propietario_economico,"{""parte"": ""2.b"", ""temperature"": 0.0, ""top_p"": 1.0, ""caso"": ""CASE-03""}",3,103,3,0,0.4691,NETWORK_PARTITION,True,1.7e-05,2026-09-19T11:44:49.281661
propietario_economico,"{""parte"": ""2.b"", ""temperature"": 0.0, ""top_p"": 1.0, ""caso"": ""CASE-04""}",3,100,5,0,0.5014,RESOURCE_EXHAUSTION,True,1.8e-05,2026-09-19T11:44:49.281968
propietario_economico,"{""parte"": ""2.b"", ""temperature"": 0.0, ""top_p"": 1.0, ""caso"": ""CASE-05""}",3,92,3,0,0.5962,DATABASE_OUTAGE,True,1.6e-05,2026-09-19T11:44:49.282275
propietario_economico,"{""parte"": ""2.b"", ""temperature"": 0.0, ""top_p"": 1.0, ""caso"": ""CASE-06""}",3,99,5,0,0.5518,SECURITY_BREACH,True,1.8e-05,2026-09-19T11:44:49.282582
propietario_economico,"{""parte"": ""2.b"", ""temperature"": 0.0, ""top_p"": 1.0, ""caso"": ""CASE-07""}",3,95,3,0,0.5602,NETWORK_PARTITION,True,1.6e-05,2026-09-19T11:44:49.282888
propietario_economico,"{""parte"": ""2.b"", ""temperature"": 0.0, ""top_p"": 1.0, ""caso"": ""CASE-08""}",3,106,5,0,0.4147,RESOURCE_EXHAUSTION,True,1.9e-05,2026-09-19T11:44:49.283197
propietario_economico,"{""parte"": ""2.b"", ""temperature"": 0.0, ""top_p"": 1.0, ""caso"": ""CASE-09""}",3,98,5,0,0.4981,RESOURCE_EXHAUSTION,False,1.8e-05,2026-09-19T11:44:49.283665
propietario_economico,"{""parte"": ""2.b"", ""temperature"": 0.0, ""top_p"": 1.0, ""caso"": ""CASE-10""}",3,98,5,0,0.57,SECURITY_BREACH,True,1.8e-05,2026-09-19T11:44:49.283977
propietario_economico,"{""parte"": ""2.b"", ""temperature"": 0.0, ""top_p"": 1.0, ""caso"": ""CASE-01""}",4,89,5,0,0.4789,RESOURCE_EXHAUSTION,False,1.6e-05,2026-09-19T11:44:49.284286
propietario_economico,"{""parte"": ""2.b"", ""temperature"": 0.0, ""top_p"": 1.0, ""caso"": ""CASE-02""}",4,106,5,0,0.6357,SECURITY_BREACH,True,1.9e-05,2026-09-19T11:44:49.284594
propietario_economico,"{""parte"": ""2.b"", ""temperature"": 0.0, ""top_p"": 1.0, ""caso"": ""CASE-03""}",4,103,3,0,0.5094,NETWORK_PARTITION,True,1.7e-05,2026-09-19T11:44:49.284902
propietario_economico,"{""parte"": ""2.b"", ""temperature"": 0.0, ""top_p"": 1.0, ""caso"": ""CASE-04""}",4,100,5,0,0.5319,RESOURCE_EXHAUSTION,True,1.8e-05,2026-09-19T11:44:49.285219
propietario_economico,"{""parte"": ""2.b"", ""temperature"": 0.0, ""top_p"": 1.0, ""caso"": ""CASE-05""}",4,92,3,0,0.6454,DATABASE_OUTAGE,True,1.6e-05,2026-09-19T11:44:49.285527
propietario_economico,"{""parte"": ""2.b"", ""temperature"": 0.0, ""top_p"": 1.0, ""caso"": ""CASE-06""}",4,99,5,0,0.4779,SECURITY_BREACH,True,1.8e-05,2026-09-19T11:44:49.285835
propietario_economico,"{""parte"": ""2.b"", ""temperature"": 0.0, ""top_p"": 1.0, ""caso"": ""CASE-07""}",4,95,3,0,0.4769,NETWORK_PARTITION,True,1.6e-05,2026-09-19T11:44:49.286141
propietario_economico,"{""parte"": ""2.b"", ""temperature"": 0.0, ""top_p"": 1.0, ""caso"": ""CASE-08""}",4,106,5,0,0.4332,RESOURCE_EXHAUSTION,True,1.9e-05,2026-09-19T11:44:49.286448
propietario_economico,"{""parte"": ""2.b"", ""temperature"": 0.0, ""top_p"": 1.0, ""caso"": ""CASE-09""}",4,98,5,0,0.6675,RESOURCE_EXHAUSTION,False,1.8e-05,2026-09-19T11:44:49.286760
propietario_economico,"{""parte"": ""2.b"", ""temperature"": 0.0, ""top_p"": 1.0, ""caso"": ""CASE-10""}",4,98,5,0,0.6747,SECURITY_BREACH,True,1.8e-05,2026-09-19T11:44:49.287069
propietario_economico,"{""parte"": ""2.b"", ""temperature"": 0.0, ""top_p"": 1.0, ""caso"": ""CASE-01""}",5,89,5,0,0.5046,RESOURCE_EXHAUSTION,False,1.6e-05,2026-09-19T11:44:49.287432
propietario_economico,"{""parte"": ""2.b"", ""temperature"": 0.0, ""top_p"": 1.0, ""caso"": ""CASE-02""}",5,106,5,0,0.6,SECURITY_BREACH,True,1.9e-05,2026-09-19T11:44:49.287748
propietario_economico,"{""parte"": ""2.b"", ""temperature"": 0.0, ""top_p"": 1.0, ""caso"": ""CASE-03""}",5,103,3,0,0.4628,NETWORK_PARTITION,True,1.7e-05,2026-09-19T11:44:49.288075
propietario_economico,"{""parte"": ""2.b"", ""temperature"": 0.0, ""top_p"": 1.0, ""caso"": ""CASE-04""}",5,100,5,0,0.596,RESOURCE_EXHAUSTION,True,1.8e-05,2026-09-19T11:44:49.288382
propietario_economico,"{""parte"": ""2.b"", ""temperature"": 0.0, ""top_p"": 1.0, ""caso"": ""CASE-05""}",5,92,3,0,0.6354,DATABASE_OUTAGE,True,1.6e-05,2026-09-19T11:44:49.288747
propietario_economico,"{""parte"": ""2.b"", ""temperature"": 0.0, ""top_p"": 1.0, ""caso"": ""CASE-06""}",5,99,5,0,0.4885,SECURITY_BREACH,True,1.8e-05,2026-09-19T11:44:49.289071
propietario_economico,"{""parte"": ""2.b"", ""temperature"": 0.0, ""top_p"": 1.0, ""caso"": ""CASE-07""}",5,95,3,0,0.5031,NETWORK_PARTITION,True,1.6e-05,2026-09-19T11:44:49.289451
propietario_economico,"{""parte"": ""2.b"", ""temperature"": 0.0, ""top_p"": 1.0, ""caso"": ""CASE-08""}",5,106,5,0,0.5325,RESOURCE_EXHAUSTION,True,1.9e-05,2026-09-19T11:44:49.289816
propietario_economico,"{""parte"": ""2.b"", ""temperature"": 0.0, ""top_p"": 1.0, ""caso"": ""CASE-09""}",5,98,5,0,0.5058,RESOURCE_EXHAUSTION,False,1.8e-05,2026-09-19T11:44:49.290234
propietario_economico,"{""parte"": ""2.b"", ""temperature"": 0.0, ""top_p"": 1.0, ""caso"": ""CASE-10""}",5,98,5,0,0.6081,SECURITY_BREACH,True,1.8e-05,2026-09-19T11:44:49.290646
propietario_economico,"{""parte"": ""2.b"", ""temperature"": 0.3, ""top_p"": 0.5, ""caso"": ""CASE-01""}",1,89,5,0,0.5004,RESOURCE_EXHAUSTION,False,1.6e-05,2026-09-19T11:44:49.291457
propietario_economico,"{""parte"": ""2.b"", ""temperature"": 0.3, ""top_p"": 0.5, ""caso"": ""CASE-02""}",1,106,5,0,0.6567,SECURITY_BREACH,True,1.9e-05,2026-09-19T11:44:49.291859
propietario_economico,"{""parte"": ""2.b"", ""temperature"": 0.3, ""top_p"": 0.5, ""caso"": ""CASE-03""}",1,103,3,0,0.5306,NETWORK_PARTITION,True,1.7e-05,2026-09-19T11:44:49.292186
propietario_economico,"{""parte"": ""2.b"", ""temperature"": 0.3, ""top_p"": 0.5, ""caso"": ""CASE-04""}",1,100,5,0,0.4851,RESOURCE_EXHAUSTION,True,1.8e-05,2026-09-19T11:44:49.292509
propietario_economico,"{""parte"": ""2.b"", ""temperature"": 0.3, ""top_p"": 0.5, ""caso"": ""CASE-05""}",1,92,3,0,0.6535,DATABASE_OUTAGE,True,1.6e-05,2026-09-19T11:44:49.292831
propietario_economico,"{""parte"": ""2.b"", ""temperature"": 0.3, ""top_p"": 0.5, ""caso"": ""CASE-06""}",1,99,5,0,0.4965,SECURITY_BREACH,True,1.8e-05,2026-09-19T11:44:49.293150
propietario_economico,"{""parte"": ""2.b"", ""temperature"": 0.3, ""top_p"": 0.5, ""caso"": ""CASE-07""}",1,95,3,0,0.4605,NETWORK_PARTITION,True,1.6e-05,2026-09-19T11:44:49.293470
propietario_economico,"{""parte"": ""2.b"", ""temperature"": 0.3, ""top_p"": 0.5, ""caso"": ""CASE-08""}",1,106,5,0,0.4926,RESOURCE_EXHAUSTION,True,1.9e-05,2026-09-19T11:44:49.293792
propietario_economico,"{""parte"": ""2.b"", ""temperature"": 0.3, ""top_p"": 0.5, ""caso"": ""CASE-09""}",1,98,5,0,0.485,RESOURCE_EXHAUSTION,False,1.8e-05,2026-09-19T11:44:49.294112
propietario_economico,"{""parte"": ""2.b"", ""temperature"": 0.3, ""top_p"": 0.5, ""caso"": ""CASE-10""}",1,98,5,0,0.5726,SECURITY_BREACH,True,1.8e-05,2026-09-19T11:44:49.294432
propietario_economico,"{""parte"": ""2.b"", ""temperature"": 0.3, ""top_p"": 0.5, ""caso"": ""CASE-01""}",2,89,5,0,0.4617,RESOURCE_EXHAUSTION,False,1.6e-05,2026-09-19T11:44:49.294751
propietario_economico,"{""parte"": ""2.b"", ""temperature"": 0.3, ""top_p"": 0.5, ""caso"": ""CASE-02""}",2,106,5,0,0.5997,SECURITY_BREACH,True,1.9e-05,2026-09-19T11:44:49.295069
propietario_economico,"{""parte"": ""2.b"", ""temperature"": 0.3, ""top_p"": 0.5, ""caso"": ""CASE-03""}",2,103,3,0,0.4951,NETWORK_PARTITION,True,1.7e-05,2026-09-19T11:44:49.295389
propietario_economico,"{""parte"": ""2.b"", ""temperature"": 0.3, ""top_p"": 0.5, ""caso"": ""CASE-04""}",2,100,5,0,0.4874,RESOURCE_EXHAUSTION,True,1.8e-05,2026-09-19T11:44:49.295708
propietario_economico,"{""parte"": ""2.b"", ""temperature"": 0.3, ""top_p"": 0.5, ""caso"": ""CASE-05""}",2,92,3,0,0.6179,DATABASE_OUTAGE,True,1.6e-05,2026-09-19T11:44:49.296025
propietario_economico,"{""parte"": ""2.b"", ""temperature"": 0.3, ""top_p"": 0.5, ""caso"": ""CASE-06""}",2,99,5,0,0.4887,SECURITY_BREACH,True,1.8e-05,2026-09-19T11:44:49.296342
propietario_economico,"{""parte"": ""2.b"", ""temperature"": 0.3, ""top_p"": 0.5, ""caso"": ""CASE-07""}",2,95,3,0,0.5093,NETWORK_PARTITION,True,1.6e-05,2026-09-19T11:44:49.296658
propietario_economico,"{""parte"": ""2.b"", ""temperature"": 0.3, ""top_p"": 0.5, ""caso"": ""CASE-08""}",2,106,5,0,0.5331,RESOURCE_EXHAUSTION,True,1.9e-05,2026-09-19T11:44:49.296976
propietario_economico,"{""parte"": ""2.b"", ""temperature"": 0.3, ""top_p"": 0.5, ""caso"": ""CASE-09""}",2,98,5,0,0.4812,RESOURCE_EXHAUSTION,False,1.8e-05,2026-09-19T11:44:49.297294
propietario_economico,"{""parte"": ""2.b"", ""temperature"": 0.3, ""top_p"": 0.5, ""caso"": ""CASE-10""}",2,98,5,0,0.5058,SECURITY_BREACH,True,1.8e-05,2026-09-19T11:44:49.297611
propietario_economico,"{""parte"": ""2.b"", ""temperature"": 0.3, ""top_p"": 0.5, ""caso"": ""CASE-01""}",3,89,5,0,0.5279,RESOURCE_EXHAUSTION,False,1.6e-05,2026-09-19T11:44:49.297967
propietario_economico,"{""parte"": ""2.b"", ""temperature"": 0.3, ""top_p"": 0.5, ""caso"": ""CASE-02""}",3,106,5,0,0.6583,SECURITY_BREACH,True,1.9e-05,2026-09-19T11:44:49.298286
propietario_economico,"{""parte"": ""2.b"", ""temperature"": 0.3, ""top_p"": 0.5, ""caso"": ""CASE-03""}",3,103,3,0,0.509,NETWORK_PARTITION,True,1.7e-05,2026-09-19T11:44:49.298604
propietario_economico,"{""parte"": ""2.b"", ""temperature"": 0.3, ""top_p"": 0.5, ""caso"": ""CASE-04""}",3,100,5,0,0.5199,RESOURCE_EXHAUSTION,True,1.8e-05,2026-09-19T11:44:49.298922
propietario_economico,"{""parte"": ""2.b"", ""temperature"": 0.3, ""top_p"": 0.5, ""caso"": ""CASE-05""}",3,92,3,0,0.6086,DATABASE_OUTAGE,True,1.6e-05,2026-09-19T11:44:49.299239
propietario_economico,"{""parte"": ""2.b"", ""temperature"": 0.3, ""top_p"": 0.5, ""caso"": ""CASE-06""}",3,99,5,0,0.5233,SECURITY_BREACH,True,1.8e-05,2026-09-19T11:44:49.299557
propietario_economico,"{""parte"": ""2.b"", ""temperature"": 0.3, ""top_p"": 0.5, ""caso"": ""CASE-07""}",3,95,3,0,0.6203,NETWORK_PARTITION,True,1.6e-05,2026-09-19T11:44:49.299875
propietario_economico,"{""parte"": ""2.b"", ""temperature"": 0.3, ""top_p"": 0.5, ""caso"": ""CASE-08""}",3,106,5,0,0.5208,RESOURCE_EXHAUSTION,True,1.9e-05,2026-09-19T11:44:49.300439
propietario_economico,"{""parte"": ""2.b"", ""temperature"": 0.3, ""top_p"": 0.5, ""caso"": ""CASE-09""}",3,98,5,0,0.5035,RESOURCE_EXHAUSTION,False,1.8e-05,2026-09-19T11:44:49.300815
propietario_economico,"{""parte"": ""2.b"", ""temperature"": 0.3, ""top_p"": 0.5, ""caso"": ""CASE-10""}",3,98,5,0,0.5122,SECURITY_BREACH,True,1.8e-05,2026-09-19T11:44:49.301142
propietario_economico,"{""parte"": ""2.b"", ""temperature"": 0.3, ""top_p"": 0.5, ""caso"": ""CASE-01""}",4,89,5,0,0.5367,RESOURCE_EXHAUSTION,False,1.6e-05,2026-09-19T11:44:49.301471
propietario_economico,"{""parte"": ""2.b"", ""temperature"": 0.3, ""top_p"": 0.5, ""caso"": ""CASE-02""}",4,106,5,0,0.7139,SECURITY_BREACH,True,1.9e-05,2026-09-19T11:44:49.301793
propietario_economico,"{""parte"": ""2.b"", ""temperature"": 0.3, ""top_p"": 0.5, ""caso"": ""CASE-03""}",4,103,3,0,0.5169,NETWORK_PARTITION,True,1.7e-05,2026-09-19T11:44:49.302112
propietario_economico,"{""parte"": ""2.b"", ""temperature"": 0.3, ""top_p"": 0.5, ""caso"": ""CASE-04""}",4,100,5,0,0.4817,RESOURCE_EXHAUSTION,True,1.8e-05,2026-09-19T11:44:49.302430
propietario_economico,"{""parte"": ""2.b"", ""temperature"": 0.3, ""top_p"": 0.5, ""caso"": ""CASE-05""}",4,92,3,0,0.5887,DATABASE_OUTAGE,True,1.6e-05,2026-09-19T11:44:49.302749
propietario_economico,"{""parte"": ""2.b"", ""temperature"": 0.3, ""top_p"": 0.5, ""caso"": ""CASE-06""}",4,99,5,0,0.5331,SECURITY_BREACH,True,1.8e-05,2026-09-19T11:44:49.303067
propietario_economico,"{""parte"": ""2.b"", ""temperature"": 0.3, ""top_p"": 0.5, ""caso"": ""CASE-07""}",4,95,3,0,0.4753,NETWORK_PARTITION,True,1.6e-05,2026-09-19T11:44:49.303384
propietario_economico,"{""parte"": ""2.b"", ""temperature"": 0.3, ""top_p"": 0.5, ""caso"": ""CASE-08""}",4,106,5,0,0.4174,RESOURCE_EXHAUSTION,True,1.9e-05,2026-09-19T11:44:49.303701
propietario_economico,"{""parte"": ""2.b"", ""temperature"": 0.3, ""top_p"": 0.5, ""caso"": ""CASE-09""}",4,98,5,0,0.4976,RESOURCE_EXHAUSTION,False,1.8e-05,2026-09-19T11:44:49.304018
propietario_economico,"{""parte"": ""2.b"", ""temperature"": 0.3, ""top_p"": 0.5, ""caso"": ""CASE-10""}",4,98,5,0,0.5115,SECURITY_BREACH,True,1.8e-05,2026-09-19T11:44:49.304337
propietario_economico,"{""parte"": ""2.b"", ""temperature"": 0.3, ""top_p"": 0.5, ""caso"": ""CASE-01""}",5,89,5,0,0.4656,RESOURCE_EXHAUSTION,False,1.6e-05,2026-09-19T11:44:49.304655
propietario_economico,"{""parte"": ""2.b"", ""temperature"": 0.3, ""top_p"": 0.5, ""caso"": ""CASE-02""}",5,106,5,0,0.6391,SECURITY_BREACH,True,1.9e-05,2026-09-19T11:44:49.304972
propietario_economico,"{""parte"": ""2.b"", ""temperature"": 0.3, ""top_p"": 0.5, ""caso"": ""CASE-03""}",5,103,3,0,0.5132,NETWORK_PARTITION,True,1.7e-05,2026-09-19T11:44:49.305289
propietario_economico,"{""parte"": ""2.b"", ""temperature"": 0.3, ""top_p"": 0.5, ""caso"": ""CASE-04""}",5,100,5,0,0.5034,RESOURCE_EXHAUSTION,True,1.8e-05,2026-09-19T11:44:49.305607
propietario_economico,"{""parte"": ""2.b"", ""temperature"": 0.3, ""top_p"": 0.5, ""caso"": ""CASE-05""}",5,92,3,0,0.6416,DATABASE_OUTAGE,True,1.6e-05,2026-09-19T11:44:49.305925
propietario_economico,"{""parte"": ""2.b"", ""temperature"": 0.3, ""top_p"": 0.5, ""caso"": ""CASE-06""}",5,99,5,0,0.4897,SECURITY_BREACH,True,1.8e-05,2026-09-19T11:44:49.306241
propietario_economico,"{""parte"": ""2.b"", ""temperature"": 0.3, ""top_p"": 0.5, ""caso"": ""CASE-07""}",5,95,3,0,0.545,NETWORK_PARTITION,True,1.6e-05,2026-09-19T11:44:49.306557
propietario_economico,"{""parte"": ""2.b"", ""temperature"": 0.3, ""top_p"": 0.5, ""caso"": ""CASE-08""}",5,106,5,0,0.5393,RESOURCE_EXHAUSTION,True,1.9e-05,2026-09-19T11:44:49.306873
propietario_economico,"{""parte"": ""2.b"", ""temperature"": 0.3, ""top_p"": 0.5, ""caso"": ""CASE-09""}",5,98,5,0,0.5027,RESOURCE_EXHAUSTION,False,1.8e-05,2026-09-19T11:44:49.307191
propietario_economico,"{""parte"": ""2.b"", ""temperature"": 0.3, ""top_p"": 0.5, ""caso"": ""CASE-10""}",5,98,5,0,0.5899,SECURITY_BREACH,True,1.8e-05,2026-09-19T11:44:49.307509
propietario_economico,"{""parte"": ""2.b"", ""temperature"": 0.3, ""top_p"": 0.9, ""caso"": ""CASE-01""}",1,89,5,0,0.4779,RESOURCE_EXHAUSTION,False,1.6e-05,2026-09-19T11:44:49.308031
propietario_economico,"{""parte"": ""2.b"", ""temperature"": 0.3, ""top_p"": 0.9, ""caso"": ""CASE-02""}",1,106,5,0,0.5961,SECURITY_BREACH,True,1.9e-05,2026-09-19T11:44:49.308354
propietario_economico,"{""parte"": ""2.b"", ""temperature"": 0.3, ""top_p"": 0.9, ""caso"": ""CASE-03""}",1,103,3,0,0.4712,NETWORK_PARTITION,True,1.7e-05,2026-09-19T11:44:49.308781
propietario_economico,"{""parte"": ""2.b"", ""temperature"": 0.3, ""top_p"": 0.9, ""caso"": ""CASE-04""}",1,100,5,0,0.5031,RESOURCE_EXHAUSTION,True,1.8e-05,2026-09-19T11:44:49.309102
propietario_economico,"{""parte"": ""2.b"", ""temperature"": 0.3, ""top_p"": 0.9, ""caso"": ""CASE-05""}",1,92,3,0,0.5935,DATABASE_OUTAGE,True,1.6e-05,2026-09-19T11:44:49.309423
propietario_economico,"{""parte"": ""2.b"", ""temperature"": 0.3, ""top_p"": 0.9, ""caso"": ""CASE-06""}",1,99,5,0,0.5135,SECURITY_BREACH,True,1.8e-05,2026-09-19T11:44:49.309741
propietario_economico,"{""parte"": ""2.b"", ""temperature"": 0.3, ""top_p"": 0.9, ""caso"": ""CASE-07""}",1,95,3,0,0.4759,NETWORK_PARTITION,True,1.6e-05,2026-09-19T11:44:49.310172
propietario_economico,"{""parte"": ""2.b"", ""temperature"": 0.3, ""top_p"": 0.9, ""caso"": ""CASE-08""}",1,106,5,0,0.416,RESOURCE_EXHAUSTION,True,1.9e-05,2026-09-19T11:44:49.310620
propietario_economico,"{""parte"": ""2.b"", ""temperature"": 0.3, ""top_p"": 0.9, ""caso"": ""CASE-09""}",1,98,5,0,0.5373,RESOURCE_EXHAUSTION,False,1.8e-05,2026-09-19T11:44:49.311010
propietario_economico,"{""parte"": ""2.b"", ""temperature"": 0.3, ""top_p"": 0.9, ""caso"": ""CASE-10""}",1,98,5,0,0.5668,SECURITY_BREACH,True,1.8e-05,2026-09-19T11:44:49.311331
propietario_economico,"{""parte"": ""2.b"", ""temperature"": 0.3, ""top_p"": 0.9, ""caso"": ""CASE-01""}",2,89,5,0,0.5531,RESOURCE_EXHAUSTION,False,1.6e-05,2026-09-19T11:44:49.311674
propietario_economico,"{""parte"": ""2.b"", ""temperature"": 0.3, ""top_p"": 0.9, ""caso"": ""CASE-02""}",2,106,5,0,0.5923,SECURITY_BREACH,True,1.9e-05,2026-09-19T11:44:49.312005
propietario_economico,"{""parte"": ""2.b"", ""temperature"": 0.3, ""top_p"": 0.9, ""caso"": ""CASE-03""}",2,103,3,0,0.5479,NETWORK_PARTITION,True,1.7e-05,2026-09-19T11:44:49.312331
propietario_economico,"{""parte"": ""2.b"", ""temperature"": 0.3, ""top_p"": 0.9, ""caso"": ""CASE-04""}",2,100,5,0,0.5053,RESOURCE_EXHAUSTION,True,1.8e-05,2026-09-19T11:44:49.312665
propietario_economico,"{""parte"": ""2.b"", ""temperature"": 0.3, ""top_p"": 0.9, ""caso"": ""CASE-05""}",2,92,3,0,0.5841,DATABASE_OUTAGE,True,1.6e-05,2026-09-19T11:44:49.313001
propietario_economico,"{""parte"": ""2.b"", ""temperature"": 0.3, ""top_p"": 0.9, ""caso"": ""CASE-06""}",2,99,5,0,0.5321,SECURITY_BREACH,True,1.8e-05,2026-09-19T11:44:49.313334
propietario_economico,"{""parte"": ""2.b"", ""temperature"": 0.3, ""top_p"": 0.9, ""caso"": ""CASE-07""}",2,95,3,0,0.5272,NETWORK_PARTITION,True,1.6e-05,2026-09-19T11:44:49.313669
propietario_economico,"{""parte"": ""2.b"", ""temperature"": 0.3, ""top_p"": 0.9, ""caso"": ""CASE-08""}",2,106,5,0,0.6673,RESOURCE_EXHAUSTION,True,1.9e-05,2026-09-19T11:44:49.313999
propietario_economico,"{""parte"": ""2.b"", ""temperature"": 0.3, ""top_p"": 0.9, ""caso"": ""CASE-09""}",2,98,5,0,0.5773,RESOURCE_EXHAUSTION,False,1.8e-05,2026-09-19T11:44:49.314325
propietario_economico,"{""parte"": ""2.b"", ""temperature"": 0.3, ""top_p"": 0.9, ""caso"": ""CASE-10""}",2,98,5,0,0.6025,SECURITY_BREACH,True,1.8e-05,2026-09-19T11:44:49.314651
propietario_economico,"{""parte"": ""2.b"", ""temperature"": 0.3, ""top_p"": 0.9, ""caso"": ""CASE-01""}",3,89,5,0,0.4777,RESOURCE_EXHAUSTION,False,1.6e-05,2026-09-19T11:44:49.314975
propietario_economico,"{""parte"": ""2.b"", ""temperature"": 0.3, ""top_p"": 0.9, ""caso"": ""CASE-02""}",3,106,5,0,0.6373,SECURITY_BREACH,True,1.9e-05,2026-09-19T11:44:49.315299
propietario_economico,"{""parte"": ""2.b"", ""temperature"": 0.3, ""top_p"": 0.9, ""caso"": ""CASE-03""}",3,103,3,0,0.4748,NETWORK_PARTITION,True,1.7e-05,2026-09-19T11:44:49.315625
propietario_economico,"{""parte"": ""2.b"", ""temperature"": 0.3, ""top_p"": 0.9, ""caso"": ""CASE-04""}",3,100,5,0,0.4965,RESOURCE_EXHAUSTION,True,1.8e-05,2026-09-19T11:44:49.315950
propietario_economico,"{""parte"": ""2.b"", ""temperature"": 0.3, ""top_p"": 0.9, ""caso"": ""CASE-05""}",3,92,3,0,0.6457,DATABASE_OUTAGE,True,1.6e-05,2026-09-19T11:44:49.316276
propietario_economico,"{""parte"": ""2.b"", ""temperature"": 0.3, ""top_p"": 0.9, ""caso"": ""CASE-06""}",3,99,5,0,0.4848,SECURITY_BREACH,True,1.8e-05,2026-09-19T11:44:49.316609
propietario_economico,"{""parte"": ""2.b"", ""temperature"": 0.3, ""top_p"": 0.9, ""caso"": ""CASE-07""}",3,95,3,0,0.5569,NETWORK_PARTITION,True,1.6e-05,2026-09-19T11:44:49.317031
propietario_economico,"{""parte"": ""2.b"", ""temperature"": 0.3, ""top_p"": 0.9, ""caso"": ""CASE-08""}",3,106,5,0,0.4342,RESOURCE_EXHAUSTION,True,1.9e-05,2026-09-19T11:44:49.317375
propietario_economico,"{""parte"": ""2.b"", ""temperature"": 0.3, ""top_p"": 0.9, ""caso"": ""CASE-09""}",3,98,5,0,0.516,RESOURCE_EXHAUSTION,False,1.8e-05,2026-09-19T11:44:49.317707
propietario_economico,"{""parte"": ""2.b"", ""temperature"": 0.3, ""top_p"": 0.9, ""caso"": ""CASE-10""}",3,98,5,0,0.5468,SECURITY_BREACH,True,1.8e-05,2026-09-19T11:44:49.318036
propietario_economico,"{""parte"": ""2.b"", ""temperature"": 0.3, ""top_p"": 0.9, ""caso"": ""CASE-01""}",4,89,5,0,0.478,RESOURCE_EXHAUSTION,False,1.6e-05,2026-09-19T11:44:49.318363
propietario_economico,"{""parte"": ""2.b"", ""temperature"": 0.3, ""top_p"": 0.9, ""caso"": ""CASE-02""}",4,106,5,0,0.6897,SECURITY_BREACH,True,1.9e-05,2026-09-19T11:44:49.318688
propietario_economico,"{""parte"": ""2.b"", ""temperature"": 0.3, ""top_p"": 0.9, ""caso"": ""CASE-03""}",4,103,3,0,0.4998,NETWORK_PARTITION,True,1.7e-05,2026-09-19T11:44:49.319014
propietario_economico,"{""parte"": ""2.b"", ""temperature"": 0.3, ""top_p"": 0.9, ""caso"": ""CASE-04""}",4,100,5,0,0.5234,RESOURCE_EXHAUSTION,True,1.8e-05,2026-09-19T11:44:49.319339
propietario_economico,"{""parte"": ""2.b"", ""temperature"": 0.3, ""top_p"": 0.9, ""caso"": ""CASE-05""}",4,92,3,0,0.6753,DATABASE_OUTAGE,True,1.6e-05,2026-09-19T11:44:49.319662
propietario_economico,"{""parte"": ""2.b"", ""temperature"": 0.3, ""top_p"": 0.9, ""caso"": ""CASE-06""}",4,99,5,0,0.51,SECURITY_BREACH,True,1.8e-05,2026-09-19T11:44:49.319985
propietario_economico,"{""parte"": ""2.b"", ""temperature"": 0.3, ""top_p"": 0.9, ""caso"": ""CASE-07""}",4,95,3,0,0.4825,NETWORK_PARTITION,True,1.6e-05,2026-09-19T11:44:49.320308
propietario_economico,"{""parte"": ""2.b"", ""temperature"": 0.3, ""top_p"": 0.9, ""caso"": ""CASE-08""}",4,106,5,0,0.5407,RESOURCE_EXHAUSTION,True,1.9e-05,2026-09-19T11:44:49.320631
propietario_economico,"{""parte"": ""2.b"", ""temperature"": 0.3, ""top_p"": 0.9, ""caso"": ""CASE-09""}",4,98,5,0,0.4794,RESOURCE_EXHAUSTION,False,1.8e-05,2026-09-19T11:44:49.320954
propietario_economico,"{""parte"": ""2.b"", ""temperature"": 0.3, ""top_p"": 0.9, ""caso"": ""CASE-10""}",4,98,5,0,0.5289,SECURITY_BREACH,True,1.8e-05,2026-09-19T11:44:49.321278
propietario_economico,"{""parte"": ""2.b"", ""temperature"": 0.3, ""top_p"": 0.9, ""caso"": ""CASE-01""}",5,89,5,0,0.4537,RESOURCE_EXHAUSTION,False,1.6e-05,2026-09-19T11:44:49.321600
propietario_economico,"{""parte"": ""2.b"", ""temperature"": 0.3, ""top_p"": 0.9, ""caso"": ""CASE-02""}",5,106,5,0,0.6807,SECURITY_BREACH,True,1.9e-05,2026-09-19T11:44:49.321923
propietario_economico,"{""parte"": ""2.b"", ""temperature"": 0.3, ""top_p"": 0.9, ""caso"": ""CASE-03""}",5,103,3,0,0.5132,NETWORK_PARTITION,True,1.7e-05,2026-09-19T11:44:49.322248
propietario_economico,"{""parte"": ""2.b"", ""temperature"": 0.3, ""top_p"": 0.9, ""caso"": ""CASE-04""}",5,100,5,0,0.5441,RESOURCE_EXHAUSTION,True,1.8e-05,2026-09-19T11:44:49.322571
propietario_economico,"{""parte"": ""2.b"", ""temperature"": 0.3, ""top_p"": 0.9, ""caso"": ""CASE-05""}",5,92,3,0,0.5766,DATABASE_OUTAGE,True,1.6e-05,2026-09-19T11:44:49.322908
propietario_economico,"{""parte"": ""2.b"", ""temperature"": 0.3, ""top_p"": 0.9, ""caso"": ""CASE-06""}",5,99,5,0,0.4846,SECURITY_BREACH,True,1.8e-05,2026-09-19T11:44:49.323231
propietario_economico,"{""parte"": ""2.b"", ""temperature"": 0.3, ""top_p"": 0.9, ""caso"": ""CASE-07""}",5,95,3,0,0.4992,NETWORK_PARTITION,True,1.6e-05,2026-09-19T11:44:49.323554
propietario_economico,"{""parte"": ""2.b"", ""temperature"": 0.3, ""top_p"": 0.9, ""caso"": ""CASE-08""}",5,106,5,0,0.4242,RESOURCE_EXHAUSTION,True,1.9e-05,2026-09-19T11:44:49.323878
propietario_economico,"{""parte"": ""2.b"", ""temperature"": 0.3, ""top_p"": 0.9, ""caso"": ""CASE-09""}",5,98,5,0,0.5132,RESOURCE_EXHAUSTION,False,1.8e-05,2026-09-19T11:44:49.324202
propietario_economico,"{""parte"": ""2.b"", ""temperature"": 0.3, ""top_p"": 0.9, ""caso"": ""CASE-10""}",5,98,5,0,0.5298,SECURITY_BREACH,True,1.8e-05,2026-09-19T11:44:49.324526
propietario_economico,"{""parte"": ""2.b"", ""temperature"": 0.3, ""top_p"": 1.0, ""caso"": ""CASE-01""}",1,89,5,0,0.514,RESOURCE_EXHAUSTION,False,1.6e-05,2026-09-19T11:44:49.325063
propietario_economico,"{""parte"": ""2.b"", ""temperature"": 0.3, ""top_p"": 1.0, ""caso"": ""CASE-02""}",1,106,5,0,0.6221,SECURITY_BREACH,True,1.9e-05,2026-09-19T11:44:49.325391
propietario_economico,"{""parte"": ""2.b"", ""temperature"": 0.3, ""top_p"": 1.0, ""caso"": ""CASE-03""}",1,103,3,0,0.6025,NETWORK_PARTITION,True,1.7e-05,2026-09-19T11:44:49.325717
propietario_economico,"{""parte"": ""2.b"", ""temperature"": 0.3, ""top_p"": 1.0, ""caso"": ""CASE-04""}",1,100,5,0,0.5776,RESOURCE_EXHAUSTION,True,1.8e-05,2026-09-19T11:44:49.326040
propietario_economico,"{""parte"": ""2.b"", ""temperature"": 0.3, ""top_p"": 1.0, ""caso"": ""CASE-05""}",1,92,3,0,0.6066,DATABASE_OUTAGE,True,1.6e-05,2026-09-19T11:44:49.326373
propietario_economico,"{""parte"": ""2.b"", ""temperature"": 0.3, ""top_p"": 1.0, ""caso"": ""CASE-06""}",1,99,5,0,0.5338,SECURITY_BREACH,True,1.8e-05,2026-09-19T11:44:49.326698
propietario_economico,"{""parte"": ""2.b"", ""temperature"": 0.3, ""top_p"": 1.0, ""caso"": ""CASE-07""}",1,95,3,0,0.5883,NETWORK_PARTITION,True,1.6e-05,2026-09-19T11:44:49.327027
propietario_economico,"{""parte"": ""2.b"", ""temperature"": 0.3, ""top_p"": 1.0, ""caso"": ""CASE-08""}",1,106,5,0,0.4433,RESOURCE_EXHAUSTION,True,1.9e-05,2026-09-19T11:44:49.327349
propietario_economico,"{""parte"": ""2.b"", ""temperature"": 0.3, ""top_p"": 1.0, ""caso"": ""CASE-09""}",1,98,5,0,0.5604,RESOURCE_EXHAUSTION,False,1.8e-05,2026-09-19T11:44:49.327673
propietario_economico,"{""parte"": ""2.b"", ""temperature"": 0.3, ""top_p"": 1.0, ""caso"": ""CASE-10""}",1,98,5,0,0.5253,SECURITY_BREACH,True,1.8e-05,2026-09-19T11:44:49.327994
propietario_economico,"{""parte"": ""2.b"", ""temperature"": 0.3, ""top_p"": 1.0, ""caso"": ""CASE-01""}",2,89,5,0,0.4737,RESOURCE_EXHAUSTION,False,1.6e-05,2026-09-19T11:44:49.328315
propietario_economico,"{""parte"": ""2.b"", ""temperature"": 0.3, ""top_p"": 1.0, ""caso"": ""CASE-02""}",2,106,5,0,0.6973,SECURITY_BREACH,True,1.9e-05,2026-09-19T11:44:49.328636
propietario_economico,"{""parte"": ""2.b"", ""temperature"": 0.3, ""top_p"": 1.0, ""caso"": ""CASE-03""}",2,103,3,0,0.5338,NETWORK_PARTITION,True,1.7e-05,2026-09-19T11:44:49.328956
propietario_economico,"{""parte"": ""2.b"", ""temperature"": 0.3, ""top_p"": 1.0, ""caso"": ""CASE-04""}",2,100,5,0,0.4967,RESOURCE_EXHAUSTION,True,1.8e-05,2026-09-19T11:44:49.329277
propietario_economico,"{""parte"": ""2.b"", ""temperature"": 0.3, ""top_p"": 1.0, ""caso"": ""CASE-05""}",2,92,3,0,0.6183,DATABASE_OUTAGE,True,1.6e-05,2026-09-19T11:44:49.329607
propietario_economico,"{""parte"": ""2.b"", ""temperature"": 0.3, ""top_p"": 1.0, ""caso"": ""CASE-06""}",2,99,5,0,0.4893,SECURITY_BREACH,True,1.8e-05,2026-09-19T11:44:49.329931
propietario_economico,"{""parte"": ""2.b"", ""temperature"": 0.3, ""top_p"": 1.0, ""caso"": ""CASE-07""}",2,95,3,0,0.5095,NETWORK_PARTITION,True,1.6e-05,2026-09-19T11:44:49.330253
propietario_economico,"{""parte"": ""2.b"", ""temperature"": 0.3, ""top_p"": 1.0, ""caso"": ""CASE-08""}",2,106,5,0,0.4414,RESOURCE_EXHAUSTION,True,1.9e-05,2026-09-19T11:44:49.330574
propietario_economico,"{""parte"": ""2.b"", ""temperature"": 0.3, ""top_p"": 1.0, ""caso"": ""CASE-09""}",2,98,5,0,0.5612,RESOURCE_EXHAUSTION,False,1.8e-05,2026-09-19T11:44:49.330897
propietario_economico,"{""parte"": ""2.b"", ""temperature"": 0.3, ""top_p"": 1.0, ""caso"": ""CASE-10""}",2,98,5,0,0.49,SECURITY_BREACH,True,1.8e-05,2026-09-19T11:44:49.331218
propietario_economico,"{""parte"": ""2.b"", ""temperature"": 0.3, ""top_p"": 1.0, ""caso"": ""CASE-01""}",3,89,5,0,0.4772,RESOURCE_EXHAUSTION,False,1.6e-05,2026-09-19T11:44:49.331551
propietario_economico,"{""parte"": ""2.b"", ""temperature"": 0.3, ""top_p"": 1.0, ""caso"": ""CASE-02""}",3,106,5,0,0.5091,SECURITY_BREACH,True,1.9e-05,2026-09-19T11:44:49.331863
propietario_economico,"{""parte"": ""2.b"", ""temperature"": 0.3, ""top_p"": 1.0, ""caso"": ""CASE-03""}",3,103,3,0,0.4947,NETWORK_PARTITION,True,1.7e-05,2026-09-19T11:44:49.332176
propietario_economico,"{""parte"": ""2.b"", ""temperature"": 0.3, ""top_p"": 1.0, ""caso"": ""CASE-04""}",3,100,5,0,0.5167,RESOURCE_EXHAUSTION,True,1.8e-05,2026-09-19T11:44:49.332488
propietario_economico,"{""parte"": ""2.b"", ""temperature"": 0.3, ""top_p"": 1.0, ""caso"": ""CASE-05""}",3,92,3,0,0.6929,DATABASE_OUTAGE,True,1.6e-05,2026-09-19T11:44:49.332802
propietario_economico,"{""parte"": ""2.b"", ""temperature"": 0.3, ""top_p"": 1.0, ""caso"": ""CASE-06""}",3,99,5,0,0.5359,SECURITY_BREACH,True,1.8e-05,2026-09-19T11:44:49.333115
propietario_economico,"{""parte"": ""2.b"", ""temperature"": 0.3, ""top_p"": 1.0, ""caso"": ""CASE-07""}",3,95,3,0,0.5148,NETWORK_PARTITION,True,1.6e-05,2026-09-19T11:44:49.333704
propietario_economico,"{""parte"": ""2.b"", ""temperature"": 0.3, ""top_p"": 1.0, ""caso"": ""CASE-08""}",3,106,5,0,0.5365,RESOURCE_EXHAUSTION,True,1.9e-05,2026-09-19T11:44:49.334048
propietario_economico,"{""parte"": ""2.b"", ""temperature"": 0.3, ""top_p"": 1.0, ""caso"": ""CASE-09""}",3,98,5,0,0.5253,RESOURCE_EXHAUSTION,False,1.8e-05,2026-09-19T11:44:49.334370
propietario_economico,"{""parte"": ""2.b"", ""temperature"": 0.3, ""top_p"": 1.0, ""caso"": ""CASE-10""}",3,98,5,0,0.5114,SECURITY_BREACH,True,1.8e-05,2026-09-19T11:44:49.334689
propietario_economico,"{""parte"": ""2.b"", ""temperature"": 0.3, ""top_p"": 1.0, ""caso"": ""CASE-01""}",4,89,5,0,0.5046,RESOURCE_EXHAUSTION,False,1.6e-05,2026-09-19T11:44:49.335007
propietario_economico,"{""parte"": ""2.b"", ""temperature"": 0.3, ""top_p"": 1.0, ""caso"": ""CASE-02""}",4,106,5,0,0.6387,SECURITY_BREACH,True,1.9e-05,2026-09-19T11:44:49.335324
propietario_economico,"{""parte"": ""2.b"", ""temperature"": 0.3, ""top_p"": 1.0, ""caso"": ""CASE-03""}",4,103,3,0,0.5175,NETWORK_PARTITION,True,1.7e-05,2026-09-19T11:44:49.335642
propietario_economico,"{""parte"": ""2.b"", ""temperature"": 0.3, ""top_p"": 1.0, ""caso"": ""CASE-04""}",4,100,5,0,0.4891,RESOURCE_EXHAUSTION,True,1.8e-05,2026-09-19T11:44:49.335958
propietario_economico,"{""parte"": ""2.b"", ""temperature"": 0.3, ""top_p"": 1.0, ""caso"": ""CASE-05""}",4,92,3,0,0.6369,DATABASE_OUTAGE,True,1.6e-05,2026-09-19T11:44:49.336274
propietario_economico,"{""parte"": ""2.b"", ""temperature"": 0.3, ""top_p"": 1.0, ""caso"": ""CASE-06""}",4,99,5,0,0.5192,SECURITY_BREACH,True,1.8e-05,2026-09-19T11:44:49.336590
propietario_economico,"{""parte"": ""2.b"", ""temperature"": 0.3, ""top_p"": 1.0, ""caso"": ""CASE-07""}",4,95,3,0,0.4648,NETWORK_PARTITION,True,1.6e-05,2026-09-19T11:44:49.336905
propietario_economico,"{""parte"": ""2.b"", ""temperature"": 0.3, ""top_p"": 1.0, ""caso"": ""CASE-08""}",4,106,5,0,0.4193,RESOURCE_EXHAUSTION,True,1.9e-05,2026-09-19T11:44:49.337222
propietario_economico,"{""parte"": ""2.b"", ""temperature"": 0.3, ""top_p"": 1.0, ""caso"": ""CASE-09""}",4,98,5,0,0.4971,RESOURCE_EXHAUSTION,False,1.8e-05,2026-09-19T11:44:49.337537
propietario_economico,"{""parte"": ""2.b"", ""temperature"": 0.3, ""top_p"": 1.0, ""caso"": ""CASE-10""}",4,98,5,0,0.5211,SECURITY_BREACH,True,1.8e-05,2026-09-19T11:44:49.337850
propietario_economico,"{""parte"": ""2.b"", ""temperature"": 0.3, ""top_p"": 1.0, ""caso"": ""CASE-01""}",5,89,5,0,0.4776,RESOURCE_EXHAUSTION,False,1.6e-05,2026-09-19T11:44:49.338162
propietario_economico,"{""parte"": ""2.b"", ""temperature"": 0.3, ""top_p"": 1.0, ""caso"": ""CASE-02""}",5,106,5,0,0.6609,SECURITY_BREACH,True,1.9e-05,2026-09-19T11:44:49.338477
propietario_economico,"{""parte"": ""2.b"", ""temperature"": 0.3, ""top_p"": 1.0, ""caso"": ""CASE-03""}",5,103,3,0,0.486,NETWORK_PARTITION,True,1.7e-05,2026-09-19T11:44:49.338791
propietario_economico,"{""parte"": ""2.b"", ""temperature"": 0.3, ""top_p"": 1.0, ""caso"": ""CASE-04""}",5,100,5,0,0.6453,RESOURCE_EXHAUSTION,True,1.8e-05,2026-09-19T11:44:49.339107
propietario_economico,"{""parte"": ""2.b"", ""temperature"": 0.3, ""top_p"": 1.0, ""caso"": ""CASE-05""}",5,92,3,0,0.6147,DATABASE_OUTAGE,True,1.6e-05,2026-09-19T11:44:49.339488
propietario_economico,"{""parte"": ""2.b"", ""temperature"": 0.3, ""top_p"": 1.0, ""caso"": ""CASE-06""}",5,99,5,0,1.0332,SECURITY_BREACH,True,1.8e-05,2026-09-19T11:44:49.339801
propietario_economico,"{""parte"": ""2.b"", ""temperature"": 0.3, ""top_p"": 1.0, ""caso"": ""CASE-07""}",5,95,3,0,0.5896,NETWORK_PARTITION,True,1.6e-05,2026-09-19T11:44:49.340114
propietario_economico,"{""parte"": ""2.b"", ""temperature"": 0.3, ""top_p"": 1.0, ""caso"": ""CASE-08""}",5,106,5,0,0.5367,RESOURCE_EXHAUSTION,True,1.9e-05,2026-09-19T11:44:49.340427
propietario_economico,"{""parte"": ""2.b"", ""temperature"": 0.3, ""top_p"": 1.0, ""caso"": ""CASE-09""}",5,98,5,0,0.5068,RESOURCE_EXHAUSTION,False,1.8e-05,2026-09-19T11:44:49.340740
propietario_economico,"{""parte"": ""2.b"", ""temperature"": 0.3, ""top_p"": 1.0, ""caso"": ""CASE-10""}",5,98,5,0,0.5863,SECURITY_BREACH,True,1.8e-05,2026-09-19T11:44:49.341053
propietario_economico,"{""parte"": ""2.b"", ""temperature"": 0.7, ""top_p"": 0.5, ""caso"": ""CASE-01""}",1,89,5,0,0.4668,RESOURCE_EXHAUSTION,False,1.6e-05,2026-09-19T11:44:49.341565
propietario_economico,"{""parte"": ""2.b"", ""temperature"": 0.7, ""top_p"": 0.5, ""caso"": ""CASE-02""}",1,106,5,0,0.6964,SECURITY_BREACH,True,1.9e-05,2026-09-19T11:44:49.341884
propietario_economico,"{""parte"": ""2.b"", ""temperature"": 0.7, ""top_p"": 0.5, ""caso"": ""CASE-03""}",1,103,3,0,0.4994,NETWORK_PARTITION,True,1.7e-05,2026-09-19T11:44:49.342199
propietario_economico,"{""parte"": ""2.b"", ""temperature"": 0.7, ""top_p"": 0.5, ""caso"": ""CASE-04""}",1,100,5,0,0.5133,RESOURCE_EXHAUSTION,True,1.8e-05,2026-09-19T11:44:49.342514
propietario_economico,"{""parte"": ""2.b"", ""temperature"": 0.7, ""top_p"": 0.5, ""caso"": ""CASE-05""}",1,92,3,0,0.5714,DATABASE_OUTAGE,True,1.6e-05,2026-09-19T11:44:49.342828
propietario_economico,"{""parte"": ""2.b"", ""temperature"": 0.7, ""top_p"": 0.5, ""caso"": ""CASE-06""}",1,99,5,0,0.8623,SECURITY_BREACH,True,1.8e-05,2026-09-19T11:44:49.343143
propietario_economico,"{""parte"": ""2.b"", ""temperature"": 0.7, ""top_p"": 0.5, ""caso"": ""CASE-07""}",1,95,3,0,0.4825,NETWORK_PARTITION,True,1.6e-05,2026-09-19T11:44:49.343460
propietario_economico,"{""parte"": ""2.b"", ""temperature"": 0.7, ""top_p"": 0.5, ""caso"": ""CASE-08""}",1,106,5,0,0.4533,RESOURCE_EXHAUSTION,True,1.9e-05,2026-09-19T11:44:49.343776
propietario_economico,"{""parte"": ""2.b"", ""temperature"": 0.7, ""top_p"": 0.5, ""caso"": ""CASE-09""}",1,98,5,0,0.5098,RESOURCE_EXHAUSTION,False,1.8e-05,2026-09-19T11:44:49.344127
propietario_economico,"{""parte"": ""2.b"", ""temperature"": 0.7, ""top_p"": 0.5, ""caso"": ""CASE-10""}",1,98,5,0,0.5022,SECURITY_BREACH,True,1.8e-05,2026-09-19T11:44:49.344442
propietario_economico,"{""parte"": ""2.b"", ""temperature"": 0.7, ""top_p"": 0.5, ""caso"": ""CASE-01""}",2,89,5,0,0.4715,RESOURCE_EXHAUSTION,False,1.6e-05,2026-09-19T11:44:49.344757
propietario_economico,"{""parte"": ""2.b"", ""temperature"": 0.7, ""top_p"": 0.5, ""caso"": ""CASE-02""}",2,106,5,0,0.6376,SECURITY_BREACH,True,1.9e-05,2026-09-19T11:44:49.345072
propietario_economico,"{""parte"": ""2.b"", ""temperature"": 0.7, ""top_p"": 0.5, ""caso"": ""CASE-03""}",2,103,3,0,0.647,NETWORK_PARTITION,True,1.7e-05,2026-09-19T11:44:49.345387
propietario_economico,"{""parte"": ""2.b"", ""temperature"": 0.7, ""top_p"": 0.5, ""caso"": ""CASE-04""}",2,100,5,0,0.5091,RESOURCE_EXHAUSTION,True,1.8e-05,2026-09-19T11:44:49.345700
propietario_economico,"{""parte"": ""2.b"", ""temperature"": 0.7, ""top_p"": 0.5, ""caso"": ""CASE-05""}",2,92,3,0,0.6424,DATABASE_OUTAGE,True,1.6e-05,2026-09-19T11:44:49.346013
propietario_economico,"{""parte"": ""2.b"", ""temperature"": 0.7, ""top_p"": 0.5, ""caso"": ""CASE-06""}",2,99,5,0,0.5045,SECURITY_BREACH,True,1.8e-05,2026-09-19T11:44:49.346326
propietario_economico,"{""parte"": ""2.b"", ""temperature"": 0.7, ""top_p"": 0.5, ""caso"": ""CASE-07""}",2,95,3,0,0.5718,NETWORK_PARTITION,True,1.6e-05,2026-09-19T11:44:49.346640
propietario_economico,"{""parte"": ""2.b"", ""temperature"": 0.7, ""top_p"": 0.5, ""caso"": ""CASE-08""}",2,106,5,0,0.4535,RESOURCE_EXHAUSTION,True,1.9e-05,2026-09-19T11:44:49.346954
propietario_economico,"{""parte"": ""2.b"", ""temperature"": 0.7, ""top_p"": 0.5, ""caso"": ""CASE-09""}",2,98,5,0,0.5358,RESOURCE_EXHAUSTION,False,1.8e-05,2026-09-19T11:44:49.347267
propietario_economico,"{""parte"": ""2.b"", ""temperature"": 0.7, ""top_p"": 0.5, ""caso"": ""CASE-10""}",2,98,5,0,0.4884,SECURITY_BREACH,True,1.8e-05,2026-09-19T11:44:49.347580
propietario_economico,"{""parte"": ""2.b"", ""temperature"": 0.7, ""top_p"": 0.5, ""caso"": ""CASE-01""}",3,89,5,0,0.4884,RESOURCE_EXHAUSTION,False,1.6e-05,2026-09-19T11:44:49.347893
propietario_economico,"{""parte"": ""2.b"", ""temperature"": 0.7, ""top_p"": 0.5, ""caso"": ""CASE-02""}",3,106,5,0,0.6602,SECURITY_BREACH,True,1.9e-05,2026-09-19T11:44:49.348207
propietario_economico,"{""parte"": ""2.b"", ""temperature"": 0.7, ""top_p"": 0.5, ""caso"": ""CASE-03""}",3,103,3,0,0.5356,NETWORK_PARTITION,True,1.7e-05,2026-09-19T11:44:49.348521
propietario_economico,"{""parte"": ""2.b"", ""temperature"": 0.7, ""top_p"": 0.5, ""caso"": ""CASE-04""}",3,100,5,0,0.5789,RESOURCE_EXHAUSTION,True,1.8e-05,2026-09-19T11:44:49.348835
propietario_economico,"{""parte"": ""2.b"", ""temperature"": 0.7, ""top_p"": 0.5, ""caso"": ""CASE-05""}",3,92,3,0,0.6043,DATABASE_OUTAGE,True,1.6e-05,2026-09-19T11:44:49.349148
propietario_economico,"{""parte"": ""2.b"", ""temperature"": 0.7, ""top_p"": 0.5, ""caso"": ""CASE-06""}",3,99,5,0,0.4721,SECURITY_BREACH,True,1.8e-05,2026-09-19T11:44:49.349461
propietario_economico,"{""parte"": ""2.b"", ""temperature"": 0.7, ""top_p"": 0.5, ""caso"": ""CASE-07""}",3,95,3,0,0.5521,NETWORK_PARTITION,True,1.6e-05,2026-09-19T11:44:49.349776
propietario_economico,"{""parte"": ""2.b"", ""temperature"": 0.7, ""top_p"": 0.5, ""caso"": ""CASE-08""}",3,106,5,0,0.4509,RESOURCE_EXHAUSTION,True,1.9e-05,2026-09-19T11:44:49.350207
propietario_economico,"{""parte"": ""2.b"", ""temperature"": 0.7, ""top_p"": 0.5, ""caso"": ""CASE-09""}",3,98,5,0,0.4821,RESOURCE_EXHAUSTION,False,1.8e-05,2026-09-19T11:44:49.350595
propietario_economico,"{""parte"": ""2.b"", ""temperature"": 0.7, ""top_p"": 0.5, ""caso"": ""CASE-10""}",3,98,5,0,0.5518,SECURITY_BREACH,True,1.8e-05,2026-09-19T11:44:49.350917
propietario_economico,"{""parte"": ""2.b"", ""temperature"": 0.7, ""top_p"": 0.5, ""caso"": ""CASE-01""}",4,89,5,0,0.4894,RESOURCE_EXHAUSTION,False,1.6e-05,2026-09-19T11:44:49.351233
propietario_economico,"{""parte"": ""2.b"", ""temperature"": 0.7, ""top_p"": 0.5, ""caso"": ""CASE-02""}",4,106,5,0,0.6704,SECURITY_BREACH,True,1.9e-05,2026-09-19T11:44:49.351565
propietario_economico,"{""parte"": ""2.b"", ""temperature"": 0.7, ""top_p"": 0.5, ""caso"": ""CASE-03""}",4,103,3,0,0.5975,NETWORK_PARTITION,True,1.7e-05,2026-09-19T11:44:49.351873
propietario_economico,"{""parte"": ""2.b"", ""temperature"": 0.7, ""top_p"": 0.5, ""caso"": ""CASE-04""}",4,100,5,0,0.5922,RESOURCE_EXHAUSTION,True,1.8e-05,2026-09-19T11:44:49.352181
propietario_economico,"{""parte"": ""2.b"", ""temperature"": 0.7, ""top_p"": 0.5, ""caso"": ""CASE-05""}",4,92,3,0,0.5904,DATABASE_OUTAGE,True,1.6e-05,2026-09-19T11:44:49.352489
propietario_economico,"{""parte"": ""2.b"", ""temperature"": 0.7, ""top_p"": 0.5, ""caso"": ""CASE-06""}",4,99,5,0,0.539,SECURITY_BREACH,True,1.8e-05,2026-09-19T11:44:49.352795
propietario_economico,"{""parte"": ""2.b"", ""temperature"": 0.7, ""top_p"": 0.5, ""caso"": ""CASE-07""}",4,95,3,0,0.4762,NETWORK_PARTITION,True,1.6e-05,2026-09-19T11:44:49.353101
propietario_economico,"{""parte"": ""2.b"", ""temperature"": 0.7, ""top_p"": 0.5, ""caso"": ""CASE-08""}",4,106,5,0,0.4655,RESOURCE_EXHAUSTION,True,1.9e-05,2026-09-19T11:44:49.353407
propietario_economico,"{""parte"": ""2.b"", ""temperature"": 0.7, ""top_p"": 0.5, ""caso"": ""CASE-09""}",4,98,5,0,0.6751,RESOURCE_EXHAUSTION,False,1.8e-05,2026-09-19T11:44:49.353713
propietario_economico,"{""parte"": ""2.b"", ""temperature"": 0.7, ""top_p"": 0.5, ""caso"": ""CASE-10""}",4,98,5,0,0.5493,SECURITY_BREACH,True,1.8e-05,2026-09-19T11:44:49.354019
propietario_economico,"{""parte"": ""2.b"", ""temperature"": 0.7, ""top_p"": 0.5, ""caso"": ""CASE-01""}",5,89,5,0,0.473,RESOURCE_EXHAUSTION,False,1.6e-05,2026-09-19T11:44:49.354327
propietario_economico,"{""parte"": ""2.b"", ""temperature"": 0.7, ""top_p"": 0.5, ""caso"": ""CASE-02""}",5,106,5,0,0.6347,SECURITY_BREACH,True,1.9e-05,2026-09-19T11:44:49.354633
propietario_economico,"{""parte"": ""2.b"", ""temperature"": 0.7, ""top_p"": 0.5, ""caso"": ""CASE-03""}",5,103,3,0,0.4972,NETWORK_PARTITION,True,1.7e-05,2026-09-19T11:44:49.354938
propietario_economico,"{""parte"": ""2.b"", ""temperature"": 0.7, ""top_p"": 0.5, ""caso"": ""CASE-04""}",5,100,5,0,0.6357,RESOURCE_EXHAUSTION,True,1.8e-05,2026-09-19T11:44:49.355245
propietario_economico,"{""parte"": ""2.b"", ""temperature"": 0.7, ""top_p"": 0.5, ""caso"": ""CASE-05""}",5,92,3,0,0.5915,DATABASE_OUTAGE,True,1.6e-05,2026-09-19T11:44:49.355551
propietario_economico,"{""parte"": ""2.b"", ""temperature"": 0.7, ""top_p"": 0.5, ""caso"": ""CASE-06""}",5,99,5,0,0.626,SECURITY_BREACH,True,1.8e-05,2026-09-19T11:44:49.355857
propietario_economico,"{""parte"": ""2.b"", ""temperature"": 0.7, ""top_p"": 0.5, ""caso"": ""CASE-07""}",5,95,3,0,0.6085,NETWORK_PARTITION,True,1.6e-05,2026-09-19T11:44:49.356164
propietario_economico,"{""parte"": ""2.b"", ""temperature"": 0.7, ""top_p"": 0.5, ""caso"": ""CASE-08""}",5,106,5,0,0.5079,RESOURCE_EXHAUSTION,True,1.9e-05,2026-09-19T11:44:49.356471
propietario_economico,"{""parte"": ""2.b"", ""temperature"": 0.7, ""top_p"": 0.5, ""caso"": ""CASE-09""}",5,98,5,0,0.5435,RESOURCE_EXHAUSTION,False,1.8e-05,2026-09-19T11:44:49.356776
propietario_economico,"{""parte"": ""2.b"", ""temperature"": 0.7, ""top_p"": 0.5, ""caso"": ""CASE-10""}",5,98,5,0,0.5841,SECURITY_BREACH,True,1.8e-05,2026-09-19T11:44:49.357083
propietario_economico,"{""parte"": ""2.b"", ""temperature"": 0.7, ""top_p"": 0.9, ""caso"": ""CASE-01""}",1,89,5,0,0.523,RESOURCE_EXHAUSTION,False,1.6e-05,2026-09-19T11:44:49.357586
propietario_economico,"{""parte"": ""2.b"", ""temperature"": 0.7, ""top_p"": 0.9, ""caso"": ""CASE-02""}",1,106,5,0,0.7326,SECURITY_BREACH,True,1.9e-05,2026-09-19T11:44:49.357896
propietario_economico,"{""parte"": ""2.b"", ""temperature"": 0.7, ""top_p"": 0.9, ""caso"": ""CASE-03""}",1,103,3,0,0.5062,NETWORK_PARTITION,True,1.7e-05,2026-09-19T11:44:49.358205
propietario_economico,"{""parte"": ""2.b"", ""temperature"": 0.7, ""top_p"": 0.9, ""caso"": ""CASE-04""}",1,100,5,0,0.4586,RESOURCE_EXHAUSTION,True,1.8e-05,2026-09-19T11:44:49.358514
propietario_economico,"{""parte"": ""2.b"", ""temperature"": 0.7, ""top_p"": 0.9, ""caso"": ""CASE-05""}",1,92,3,0,0.9359,DATABASE_OUTAGE,True,1.6e-05,2026-09-19T11:44:49.358824
propietario_economico,"{""parte"": ""2.b"", ""temperature"": 0.7, ""top_p"": 0.9, ""caso"": ""CASE-06""}",1,99,5,0,0.5274,SECURITY_BREACH,True,1.8e-05,2026-09-19T11:44:49.359132
propietario_economico,"{""parte"": ""2.b"", ""temperature"": 0.7, ""top_p"": 0.9, ""caso"": ""CASE-07""}",1,95,3,0,0.4932,NETWORK_PARTITION,True,1.6e-05,2026-09-19T11:44:49.359438
propietario_economico,"{""parte"": ""2.b"", ""temperature"": 0.7, ""top_p"": 0.9, ""caso"": ""CASE-08""}",1,106,5,0,0.429,RESOURCE_EXHAUSTION,True,1.9e-05,2026-09-19T11:44:49.359818
propietario_economico,"{""parte"": ""2.b"", ""temperature"": 0.7, ""top_p"": 0.9, ""caso"": ""CASE-09""}",1,98,5,0,0.5486,RESOURCE_EXHAUSTION,False,1.8e-05,2026-09-19T11:44:49.360287
propietario_economico,"{""parte"": ""2.b"", ""temperature"": 0.7, ""top_p"": 0.9, ""caso"": ""CASE-10""}",1,98,5,0,0.5557,SECURITY_BREACH,True,1.8e-05,2026-09-19T11:44:49.360765
propietario_economico,"{""parte"": ""2.b"", ""temperature"": 0.7, ""top_p"": 0.9, ""caso"": ""CASE-01""}",2,89,5,0,0.5148,RESOURCE_EXHAUSTION,False,1.6e-05,2026-09-19T11:44:49.361151
propietario_economico,"{""parte"": ""2.b"", ""temperature"": 0.7, ""top_p"": 0.9, ""caso"": ""CASE-02""}",2,106,5,0,0.6186,SECURITY_BREACH,True,1.9e-05,2026-09-19T11:44:49.361553
propietario_economico,"{""parte"": ""2.b"", ""temperature"": 0.7, ""top_p"": 0.9, ""caso"": ""CASE-03""}",2,103,3,0,0.5195,NETWORK_PARTITION,True,1.7e-05,2026-09-19T11:44:49.361878
propietario_economico,"{""parte"": ""2.b"", ""temperature"": 0.7, ""top_p"": 0.9, ""caso"": ""CASE-04""}",2,100,5,0,0.5637,RESOURCE_EXHAUSTION,True,1.8e-05,2026-09-19T11:44:49.362201
propietario_economico,"{""parte"": ""2.b"", ""temperature"": 0.7, ""top_p"": 0.9, ""caso"": ""CASE-05""}",2,92,3,0,0.5971,DATABASE_OUTAGE,True,1.6e-05,2026-09-19T11:44:49.362548
propietario_economico,"{""parte"": ""2.b"", ""temperature"": 0.7, ""top_p"": 0.9, ""caso"": ""CASE-06""}",2,99,5,0,0.4715,SECURITY_BREACH,True,1.8e-05,2026-09-19T11:44:49.362873
propietario_economico,"{""parte"": ""2.b"", ""temperature"": 0.7, ""top_p"": 0.9, ""caso"": ""CASE-07""}",2,95,3,0,0.5172,NETWORK_PARTITION,True,1.6e-05,2026-09-19T11:44:49.363201
propietario_economico,"{""parte"": ""2.b"", ""temperature"": 0.7, ""top_p"": 0.9, ""caso"": ""CASE-08""}",2,106,5,0,0.4342,RESOURCE_EXHAUSTION,True,1.9e-05,2026-09-19T11:44:49.363526
propietario_economico,"{""parte"": ""2.b"", ""temperature"": 0.7, ""top_p"": 0.9, ""caso"": ""CASE-09""}",2,98,5,0,0.5549,RESOURCE_EXHAUSTION,False,1.8e-05,2026-09-19T11:44:49.363852
propietario_economico,"{""parte"": ""2.b"", ""temperature"": 0.7, ""top_p"": 0.9, ""caso"": ""CASE-10""}",2,98,5,0,0.6258,SECURITY_BREACH,True,1.8e-05,2026-09-19T11:44:49.364178
propietario_economico,"{""parte"": ""2.b"", ""temperature"": 0.7, ""top_p"": 0.9, ""caso"": ""CASE-01""}",3,89,5,0,0.5193,RESOURCE_EXHAUSTION,False,1.6e-05,2026-09-19T11:44:49.364505
propietario_economico,"{""parte"": ""2.b"", ""temperature"": 0.7, ""top_p"": 0.9, ""caso"": ""CASE-02""}",3,106,5,0,0.7581,SECURITY_BREACH,True,1.9e-05,2026-09-19T11:44:49.364832
propietario_economico,"{""parte"": ""2.b"", ""temperature"": 0.7, ""top_p"": 0.9, ""caso"": ""CASE-03""}",3,103,3,0,0.4924,NETWORK_PARTITION,True,1.7e-05,2026-09-19T11:44:49.365162
propietario_economico,"{""parte"": ""2.b"", ""temperature"": 0.7, ""top_p"": 0.9, ""caso"": ""CASE-04""}",3,100,5,0,0.5235,RESOURCE_EXHAUSTION,True,1.8e-05,2026-09-19T11:44:49.365487
propietario_economico,"{""parte"": ""2.b"", ""temperature"": 0.7, ""top_p"": 0.9, ""caso"": ""CASE-05""}",3,92,3,0,0.6002,DATABASE_OUTAGE,True,1.6e-05,2026-09-19T11:44:49.365872
propietario_economico,"{""parte"": ""2.b"", ""temperature"": 0.7, ""top_p"": 0.9, ""caso"": ""CASE-06""}",3,99,5,0,0.4826,SECURITY_BREACH,True,1.8e-05,2026-09-19T11:44:49.366319
propietario_economico,"{""parte"": ""2.b"", ""temperature"": 0.7, ""top_p"": 0.9, ""caso"": ""CASE-07""}",3,95,3,0,0.5736,NETWORK_PARTITION,True,1.6e-05,2026-09-19T11:44:49.366712
propietario_economico,"{""parte"": ""2.b"", ""temperature"": 0.7, ""top_p"": 0.9, ""caso"": ""CASE-08""}",3,106,5,0,0.4381,RESOURCE_EXHAUSTION,True,1.9e-05,2026-09-19T11:44:49.367098
propietario_economico,"{""parte"": ""2.b"", ""temperature"": 0.7, ""top_p"": 0.9, ""caso"": ""CASE-09""}",3,98,5,0,0.6399,RESOURCE_EXHAUSTION,False,1.8e-05,2026-09-19T11:44:49.367485
propietario_economico,"{""parte"": ""2.b"", ""temperature"": 0.7, ""top_p"": 0.9, ""caso"": ""CASE-10""}",3,98,5,0,0.5205,SECURITY_BREACH,True,1.8e-05,2026-09-19T11:44:49.367880
propietario_economico,"{""parte"": ""2.b"", ""temperature"": 0.7, ""top_p"": 0.9, ""caso"": ""CASE-01""}",4,89,5,0,0.7226,RESOURCE_EXHAUSTION,False,1.6e-05,2026-09-19T11:44:49.368268
propietario_economico,"{""parte"": ""2.b"", ""temperature"": 0.7, ""top_p"": 0.9, ""caso"": ""CASE-02""}",4,106,5,0,0.6817,SECURITY_BREACH,True,1.9e-05,2026-09-19T11:44:49.368616
propietario_economico,"{""parte"": ""2.b"", ""temperature"": 0.7, ""top_p"": 0.9, ""caso"": ""CASE-03""}",4,103,3,0,0.5325,NETWORK_PARTITION,True,1.7e-05,2026-09-19T11:44:49.368951
propietario_economico,"{""parte"": ""2.b"", ""temperature"": 0.7, ""top_p"": 0.9, ""caso"": ""CASE-04""}",4,100,5,0,0.4901,RESOURCE_EXHAUSTION,True,1.8e-05,2026-09-19T11:44:49.369284
propietario_economico,"{""parte"": ""2.b"", ""temperature"": 0.7, ""top_p"": 0.9, ""caso"": ""CASE-05""}",4,92,3,0,0.6044,DATABASE_OUTAGE,True,1.6e-05,2026-09-19T11:44:49.369617
propietario_economico,"{""parte"": ""2.b"", ""temperature"": 0.7, ""top_p"": 0.9, ""caso"": ""CASE-06""}",4,99,5,0,0.5016,SECURITY_BREACH,True,1.8e-05,2026-09-19T11:44:49.369948
propietario_economico,"{""parte"": ""2.b"", ""temperature"": 0.7, ""top_p"": 0.9, ""caso"": ""CASE-07""}",4,95,3,0,0.5587,NETWORK_PARTITION,True,1.6e-05,2026-09-19T11:44:49.370285
propietario_economico,"{""parte"": ""2.b"", ""temperature"": 0.7, ""top_p"": 0.9, ""caso"": ""CASE-08""}",4,106,5,0,0.5175,RESOURCE_EXHAUSTION,True,1.9e-05,2026-09-19T11:44:49.370616
propietario_economico,"{""parte"": ""2.b"", ""temperature"": 0.7, ""top_p"": 0.9, ""caso"": ""CASE-09""}",4,98,5,0,0.5177,RESOURCE_EXHAUSTION,False,1.8e-05,2026-09-19T11:44:49.371040
propietario_economico,"{""parte"": ""2.b"", ""temperature"": 0.7, ""top_p"": 0.9, ""caso"": ""CASE-10""}",4,98,5,0,0.5288,SECURITY_BREACH,True,1.8e-05,2026-09-19T11:44:49.371443
propietario_economico,"{""parte"": ""2.b"", ""temperature"": 0.7, ""top_p"": 0.9, ""caso"": ""CASE-01""}",5,89,5,0,0.493,RESOURCE_EXHAUSTION,False,1.6e-05,2026-09-19T11:44:49.371933
propietario_economico,"{""parte"": ""2.b"", ""temperature"": 0.7, ""top_p"": 0.9, ""caso"": ""CASE-02""}",5,106,5,0,0.6811,SECURITY_BREACH,True,1.9e-05,2026-09-19T11:44:49.372268
propietario_economico,"{""parte"": ""2.b"", ""temperature"": 0.7, ""top_p"": 0.9, ""caso"": ""CASE-03""}",5,103,3,0,0.6322,NETWORK_PARTITION,True,1.7e-05,2026-09-19T11:44:49.372602
propietario_economico,"{""parte"": ""2.b"", ""temperature"": 0.7, ""top_p"": 0.9, ""caso"": ""CASE-04""}",5,100,5,0,0.4864,RESOURCE_EXHAUSTION,True,1.8e-05,2026-09-19T11:44:49.372935
propietario_economico,"{""parte"": ""2.b"", ""temperature"": 0.7, ""top_p"": 0.9, ""caso"": ""CASE-05""}",5,92,3,0,0.6437,DATABASE_OUTAGE,True,1.6e-05,2026-09-19T11:44:49.373265
propietario_economico,"{""parte"": ""2.b"", ""temperature"": 0.7, ""top_p"": 0.9, ""caso"": ""CASE-06""}",5,99,5,0,0.5647,SECURITY_BREACH,True,1.8e-05,2026-09-19T11:44:49.373629
propietario_economico,"{""parte"": ""2.b"", ""temperature"": 0.7, ""top_p"": 0.9, ""caso"": ""CASE-07""}",5,95,3,0,0.5919,NETWORK_PARTITION,True,1.6e-05,2026-09-19T11:44:49.373957
propietario_economico,"{""parte"": ""2.b"", ""temperature"": 0.7, ""top_p"": 0.9, ""caso"": ""CASE-08""}",5,106,5,0,0.4712,RESOURCE_EXHAUSTION,True,1.9e-05,2026-09-19T11:44:49.374287
propietario_economico,"{""parte"": ""2.b"", ""temperature"": 0.7, ""top_p"": 0.9, ""caso"": ""CASE-09""}",5,98,5,0,0.5207,RESOURCE_EXHAUSTION,False,1.8e-05,2026-09-19T11:44:49.374717
propietario_economico,"{""parte"": ""2.b"", ""temperature"": 0.7, ""top_p"": 0.9, ""caso"": ""CASE-10""}",5,98,5,0,0.5729,SECURITY_BREACH,True,1.8e-05,2026-09-19T11:44:49.375087
propietario_economico,"{""parte"": ""2.b"", ""temperature"": 0.7, ""top_p"": 1.0, ""caso"": ""CASE-01""}",1,89,5,0,0.554,RESOURCE_EXHAUSTION,False,1.6e-05,2026-09-19T11:44:49.375655
propietario_economico,"{""parte"": ""2.b"", ""temperature"": 0.7, ""top_p"": 1.0, ""caso"": ""CASE-02""}",1,106,5,0,0.6323,SECURITY_BREACH,True,1.9e-05,2026-09-19T11:44:49.376045
propietario_economico,"{""parte"": ""2.b"", ""temperature"": 0.7, ""top_p"": 1.0, ""caso"": ""CASE-03""}",1,103,3,0,0.5462,NETWORK_PARTITION,True,1.7e-05,2026-09-19T11:44:49.376405
propietario_economico,"{""parte"": ""2.b"", ""temperature"": 0.7, ""top_p"": 1.0, ""caso"": ""CASE-04""}",1,100,5,0,0.5737,RESOURCE_EXHAUSTION,True,1.8e-05,2026-09-19T11:44:49.376736
propietario_economico,"{""parte"": ""2.b"", ""temperature"": 0.7, ""top_p"": 1.0, ""caso"": ""CASE-05""}",1,92,3,0,0.6733,DATABASE_OUTAGE,True,1.6e-05,2026-09-19T11:44:49.377104
propietario_economico,"{""parte"": ""2.b"", ""temperature"": 0.7, ""top_p"": 1.0, ""caso"": ""CASE-06""}",1,99,5,0,0.59,SECURITY_BREACH,True,1.8e-05,2026-09-19T11:44:49.377436
propietario_economico,"{""parte"": ""2.b"", ""temperature"": 0.7, ""top_p"": 1.0, ""caso"": ""CASE-07""}",1,95,3,0,0.6683,NETWORK_PARTITION,True,1.6e-05,2026-09-19T11:44:49.377767
propietario_economico,"{""parte"": ""2.b"", ""temperature"": 0.7, ""top_p"": 1.0, ""caso"": ""CASE-08""}",1,106,5,0,0.4409,RESOURCE_EXHAUSTION,True,1.9e-05,2026-09-19T11:44:49.378096
propietario_economico,"{""parte"": ""2.b"", ""temperature"": 0.7, ""top_p"": 1.0, ""caso"": ""CASE-09""}",1,98,5,0,0.4912,RESOURCE_EXHAUSTION,False,1.8e-05,2026-09-19T11:44:49.378427
propietario_economico,"{""parte"": ""2.b"", ""temperature"": 0.7, ""top_p"": 1.0, ""caso"": ""CASE-10""}",1,98,5,0,0.5154,SECURITY_BREACH,True,1.8e-05,2026-09-19T11:44:49.378755
propietario_economico,"{""parte"": ""2.b"", ""temperature"": 0.7, ""top_p"": 1.0, ""caso"": ""CASE-01""}",2,89,5,0,0.5955,RESOURCE_EXHAUSTION,False,1.6e-05,2026-09-19T11:44:49.379087
propietario_economico,"{""parte"": ""2.b"", ""temperature"": 0.7, ""top_p"": 1.0, ""caso"": ""CASE-02""}",2,106,5,0,0.7258,SECURITY_BREACH,True,1.9e-05,2026-09-19T11:44:49.379418
propietario_economico,"{""parte"": ""2.b"", ""temperature"": 0.7, ""top_p"": 1.0, ""caso"": ""CASE-03""}",2,103,3,0,0.5267,NETWORK_PARTITION,True,1.7e-05,2026-09-19T11:44:49.379749
propietario_economico,"{""parte"": ""2.b"", ""temperature"": 0.7, ""top_p"": 1.0, ""caso"": ""CASE-04""}",2,100,5,0,0.556,RESOURCE_EXHAUSTION,True,1.8e-05,2026-09-19T11:44:49.380078
propietario_economico,"{""parte"": ""2.b"", ""temperature"": 0.7, ""top_p"": 1.0, ""caso"": ""CASE-05""}",2,92,3,0,0.6062,DATABASE_OUTAGE,True,1.6e-05,2026-09-19T11:44:49.380408
propietario_economico,"{""parte"": ""2.b"", ""temperature"": 0.7, ""top_p"": 1.0, ""caso"": ""CASE-06""}",2,99,5,0,0.585,SECURITY_BREACH,True,1.8e-05,2026-09-19T11:44:49.380756
propietario_economico,"{""parte"": ""2.b"", ""temperature"": 0.7, ""top_p"": 1.0, ""caso"": ""CASE-07""}",2,95,3,0,0.5604,NETWORK_PARTITION,True,1.6e-05,2026-09-19T11:44:49.381106
propietario_economico,"{""parte"": ""2.b"", ""temperature"": 0.7, ""top_p"": 1.0, ""caso"": ""CASE-08""}",2,106,5,0,0.4379,RESOURCE_EXHAUSTION,True,1.9e-05,2026-09-19T11:44:49.381437
propietario_economico,"{""parte"": ""2.b"", ""temperature"": 0.7, ""top_p"": 1.0, ""caso"": ""CASE-09""}",2,98,5,0,0.6213,RESOURCE_EXHAUSTION,False,1.8e-05,2026-09-19T11:44:49.381767
propietario_economico,"{""parte"": ""2.b"", ""temperature"": 0.7, ""top_p"": 1.0, ""caso"": ""CASE-10""}",2,98,5,0,0.4912,SECURITY_BREACH,True,1.8e-05,2026-09-19T11:44:49.382096
propietario_economico,"{""parte"": ""2.b"", ""temperature"": 0.7, ""top_p"": 1.0, ""caso"": ""CASE-01""}",3,89,5,0,0.5514,RESOURCE_EXHAUSTION,False,1.6e-05,2026-09-19T11:44:49.382426
propietario_economico,"{""parte"": ""2.b"", ""temperature"": 0.7, ""top_p"": 1.0, ""caso"": ""CASE-02""}",3,106,5,0,0.6093,SECURITY_BREACH,True,1.9e-05,2026-09-19T11:44:49.382754
propietario_economico,"{""parte"": ""2.b"", ""temperature"": 0.7, ""top_p"": 1.0, ""caso"": ""CASE-03""}",3,103,3,0,0.5237,NETWORK_PARTITION,True,1.7e-05,2026-09-19T11:44:49.383083
propietario_economico,"{""parte"": ""2.b"", ""temperature"": 0.7, ""top_p"": 1.0, ""caso"": ""CASE-04""}",3,100,5,0,0.4797,RESOURCE_EXHAUSTION,True,1.8e-05,2026-09-19T11:44:49.383503
propietario_economico,"{""parte"": ""2.b"", ""temperature"": 0.7, ""top_p"": 1.0, ""caso"": ""CASE-05""}",3,92,3,0,0.8366,DATABASE_OUTAGE,True,1.6e-05,2026-09-19T11:44:49.383944
propietario_economico,"{""parte"": ""2.b"", ""temperature"": 0.7, ""top_p"": 1.0, ""caso"": ""CASE-06""}",3,99,5,0,0.4834,SECURITY_BREACH,True,1.8e-05,2026-09-19T11:44:49.384339
propietario_economico,"{""parte"": ""2.b"", ""temperature"": 0.7, ""top_p"": 1.0, ""caso"": ""CASE-07""}",3,95,3,0,0.6435,NETWORK_PARTITION,True,1.6e-05,2026-09-19T11:44:49.384731
propietario_economico,"{""parte"": ""2.b"", ""temperature"": 0.7, ""top_p"": 1.0, ""caso"": ""CASE-08""}",3,106,5,0,0.4408,RESOURCE_EXHAUSTION,True,1.9e-05,2026-09-19T11:44:49.385122
propietario_economico,"{""parte"": ""2.b"", ""temperature"": 0.7, ""top_p"": 1.0, ""caso"": ""CASE-09""}",3,98,5,0,0.46,RESOURCE_EXHAUSTION,False,1.8e-05,2026-09-19T11:44:49.385513
propietario_economico,"{""parte"": ""2.b"", ""temperature"": 0.7, ""top_p"": 1.0, ""caso"": ""CASE-10""}",3,98,5,0,0.7647,SECURITY_BREACH,True,1.8e-05,2026-09-19T11:44:49.385886
propietario_economico,"{""parte"": ""2.b"", ""temperature"": 0.7, ""top_p"": 1.0, ""caso"": ""CASE-01""}",4,89,5,0,0.5041,RESOURCE_EXHAUSTION,False,1.6e-05,2026-09-19T11:44:49.386225
propietario_economico,"{""parte"": ""2.b"", ""temperature"": 0.7, ""top_p"": 1.0, ""caso"": ""CASE-02""}",4,106,5,0,0.6237,SECURITY_BREACH,True,1.9e-05,2026-09-19T11:44:49.386563
propietario_economico,"{""parte"": ""2.b"", ""temperature"": 0.7, ""top_p"": 1.0, ""caso"": ""CASE-03""}",4,103,3,0,0.4976,NETWORK_PARTITION,True,1.7e-05,2026-09-19T11:44:49.386901
propietario_economico,"{""parte"": ""2.b"", ""temperature"": 0.7, ""top_p"": 1.0, ""caso"": ""CASE-04""}",4,100,5,0,0.574,RESOURCE_EXHAUSTION,True,1.8e-05,2026-09-19T11:44:49.387238
propietario_economico,"{""parte"": ""2.b"", ""temperature"": 0.7, ""top_p"": 1.0, ""caso"": ""CASE-05""}",4,92,3,0,0.6206,DATABASE_OUTAGE,True,1.6e-05,2026-09-19T11:44:49.387574
propietario_economico,"{""parte"": ""2.b"", ""temperature"": 0.7, ""top_p"": 1.0, ""caso"": ""CASE-06""}",4,99,5,0,0.5056,SECURITY_BREACH,True,1.8e-05,2026-09-19T11:44:49.387910
propietario_economico,"{""parte"": ""2.b"", ""temperature"": 0.7, ""top_p"": 1.0, ""caso"": ""CASE-07""}",4,95,3,0,0.5012,NETWORK_PARTITION,True,1.6e-05,2026-09-19T11:44:49.388256
propietario_economico,"{""parte"": ""2.b"", ""temperature"": 0.7, ""top_p"": 1.0, ""caso"": ""CASE-08""}",4,106,5,0,0.4848,RESOURCE_EXHAUSTION,True,1.9e-05,2026-09-19T11:44:49.388601
propietario_economico,"{""parte"": ""2.b"", ""temperature"": 0.7, ""top_p"": 1.0, ""caso"": ""CASE-09""}",4,98,5,0,0.5716,RESOURCE_EXHAUSTION,False,1.8e-05,2026-09-19T11:44:49.388951
propietario_economico,"{""parte"": ""2.b"", ""temperature"": 0.7, ""top_p"": 1.0, ""caso"": ""CASE-10""}",4,98,5,0,0.5967,SECURITY_BREACH,True,1.8e-05,2026-09-19T11:44:49.389302
propietario_economico,"{""parte"": ""2.b"", ""temperature"": 0.7, ""top_p"": 1.0, ""caso"": ""CASE-01""}",5,89,5,0,0.6129,RESOURCE_EXHAUSTION,False,1.6e-05,2026-09-19T11:44:49.389722
propietario_economico,"{""parte"": ""2.b"", ""temperature"": 0.7, ""top_p"": 1.0, ""caso"": ""CASE-02""}",5,106,5,0,0.6426,SECURITY_BREACH,True,1.9e-05,2026-09-19T11:44:49.390295
propietario_economico,"{""parte"": ""2.b"", ""temperature"": 0.7, ""top_p"": 1.0, ""caso"": ""CASE-03""}",5,103,3,0,0.5305,NETWORK_PARTITION,True,1.7e-05,2026-09-19T11:44:49.390690
propietario_economico,"{""parte"": ""2.b"", ""temperature"": 0.7, ""top_p"": 1.0, ""caso"": ""CASE-04""}",5,100,5,0,0.5143,RESOURCE_EXHAUSTION,True,1.8e-05,2026-09-19T11:44:49.391164
propietario_economico,"{""parte"": ""2.b"", ""temperature"": 0.7, ""top_p"": 1.0, ""caso"": ""CASE-05""}",5,92,3,0,0.6385,DATABASE_OUTAGE,True,1.6e-05,2026-09-19T11:44:49.391595
propietario_economico,"{""parte"": ""2.b"", ""temperature"": 0.7, ""top_p"": 1.0, ""caso"": ""CASE-06""}",5,99,5,0,0.6766,SECURITY_BREACH,True,1.8e-05,2026-09-19T11:44:49.391968
propietario_economico,"{""parte"": ""2.b"", ""temperature"": 0.7, ""top_p"": 1.0, ""caso"": ""CASE-07""}",5,95,3,0,0.5147,NETWORK_PARTITION,True,1.6e-05,2026-09-19T11:44:49.392369
propietario_economico,"{""parte"": ""2.b"", ""temperature"": 0.7, ""top_p"": 1.0, ""caso"": ""CASE-08""}",5,106,5,0,0.4667,RESOURCE_EXHAUSTION,True,1.9e-05,2026-09-19T11:44:49.392842
propietario_economico,"{""parte"": ""2.b"", ""temperature"": 0.7, ""top_p"": 1.0, ""caso"": ""CASE-09""}",5,98,5,0,0.5086,RESOURCE_EXHAUSTION,False,1.8e-05,2026-09-19T11:44:49.393244
propietario_economico,"{""parte"": ""2.b"", ""temperature"": 0.7, ""top_p"": 1.0, ""caso"": ""CASE-10""}",5,98,5,0,0.5802,SECURITY_BREACH,True,1.8e-05,2026-09-19T11:44:49.393627
propietario_economico,"{""parte"": ""2.b"", ""temperature"": 1.0, ""top_p"": 0.5, ""caso"": ""CASE-01""}",1,89,5,0,0.4951,RESOURCE_EXHAUSTION,False,1.6e-05,2026-09-19T11:44:49.394372
propietario_economico,"{""parte"": ""2.b"", ""temperature"": 1.0, ""top_p"": 0.5, ""caso"": ""CASE-02""}",1,106,5,0,0.6415,SECURITY_BREACH,True,1.9e-05,2026-09-19T11:44:49.394864
propietario_economico,"{""parte"": ""2.b"", ""temperature"": 1.0, ""top_p"": 0.5, ""caso"": ""CASE-03""}",1,103,3,0,0.5026,NETWORK_PARTITION,True,1.7e-05,2026-09-19T11:44:49.395364
propietario_economico,"{""parte"": ""2.b"", ""temperature"": 1.0, ""top_p"": 0.5, ""caso"": ""CASE-04""}",1,100,5,0,0.5776,RESOURCE_EXHAUSTION,True,1.8e-05,2026-09-19T11:44:49.395839
propietario_economico,"{""parte"": ""2.b"", ""temperature"": 1.0, ""top_p"": 0.5, ""caso"": ""CASE-05""}",1,92,3,0,0.6276,DATABASE_OUTAGE,True,1.6e-05,2026-09-19T11:44:49.396271
propietario_economico,"{""parte"": ""2.b"", ""temperature"": 1.0, ""top_p"": 0.5, ""caso"": ""CASE-06""}",1,99,5,0,0.4918,SECURITY_BREACH,True,1.8e-05,2026-09-19T11:44:49.396669
propietario_economico,"{""parte"": ""2.b"", ""temperature"": 1.0, ""top_p"": 0.5, ""caso"": ""CASE-07""}",1,95,3,0,0.4982,NETWORK_PARTITION,True,1.6e-05,2026-09-19T11:44:49.397021
propietario_economico,"{""parte"": ""2.b"", ""temperature"": 1.0, ""top_p"": 0.5, ""caso"": ""CASE-08""}",1,106,5,0,0.4284,RESOURCE_EXHAUSTION,True,1.9e-05,2026-09-19T11:44:49.397364
propietario_economico,"{""parte"": ""2.b"", ""temperature"": 1.0, ""top_p"": 0.5, ""caso"": ""CASE-09""}",1,98,5,0,0.5162,RESOURCE_EXHAUSTION,False,1.8e-05,2026-09-19T11:44:49.397704
propietario_economico,"{""parte"": ""2.b"", ""temperature"": 1.0, ""top_p"": 0.5, ""caso"": ""CASE-10""}",1,98,5,0,0.5306,SECURITY_BREACH,True,1.8e-05,2026-09-19T11:44:49.398044
propietario_economico,"{""parte"": ""2.b"", ""temperature"": 1.0, ""top_p"": 0.5, ""caso"": ""CASE-01""}",2,89,5,0,0.4901,RESOURCE_EXHAUSTION,False,1.6e-05,2026-09-19T11:44:49.398381
propietario_economico,"{""parte"": ""2.b"", ""temperature"": 1.0, ""top_p"": 0.5, ""caso"": ""CASE-02""}",2,106,5,0,0.76,SECURITY_BREACH,True,1.9e-05,2026-09-19T11:44:49.398717
propietario_economico,"{""parte"": ""2.b"", ""temperature"": 1.0, ""top_p"": 0.5, ""caso"": ""CASE-03""}",2,103,3,0,0.6741,NETWORK_PARTITION,True,1.7e-05,2026-09-19T11:44:49.399053
propietario_economico,"{""parte"": ""2.b"", ""temperature"": 1.0, ""top_p"": 0.5, ""caso"": ""CASE-04""}",2,100,5,0,0.54,RESOURCE_EXHAUSTION,True,1.8e-05,2026-09-19T11:44:49.399452
propietario_economico,"{""parte"": ""2.b"", ""temperature"": 1.0, ""top_p"": 0.5, ""caso"": ""CASE-05""}",2,92,3,0,0.6878,DATABASE_OUTAGE,True,1.6e-05,2026-09-19T11:44:49.399820
propietario_economico,"{""parte"": ""2.b"", ""temperature"": 1.0, ""top_p"": 0.5, ""caso"": ""CASE-06""}",2,99,5,0,0.5233,SECURITY_BREACH,True,1.8e-05,2026-09-19T11:44:49.400169
propietario_economico,"{""parte"": ""2.b"", ""temperature"": 1.0, ""top_p"": 0.5, ""caso"": ""CASE-07""}",2,95,3,0,0.4945,NETWORK_PARTITION,True,1.6e-05,2026-09-19T11:44:49.400533
propietario_economico,"{""parte"": ""2.b"", ""temperature"": 1.0, ""top_p"": 0.5, ""caso"": ""CASE-08""}",2,106,5,0,0.4644,RESOURCE_EXHAUSTION,True,1.9e-05,2026-09-19T11:44:49.400868
propietario_economico,"{""parte"": ""2.b"", ""temperature"": 1.0, ""top_p"": 0.5, ""caso"": ""CASE-09""}",2,98,5,0,0.5343,RESOURCE_EXHAUSTION,False,1.8e-05,2026-09-19T11:44:49.401197
propietario_economico,"{""parte"": ""2.b"", ""temperature"": 1.0, ""top_p"": 0.5, ""caso"": ""CASE-10""}",2,98,5,0,0.5771,SECURITY_BREACH,True,1.8e-05,2026-09-19T11:44:49.401527
propietario_economico,"{""parte"": ""2.b"", ""temperature"": 1.0, ""top_p"": 0.5, ""caso"": ""CASE-01""}",3,89,5,0,0.5316,RESOURCE_EXHAUSTION,False,1.6e-05,2026-09-19T11:44:49.401857
propietario_economico,"{""parte"": ""2.b"", ""temperature"": 1.0, ""top_p"": 0.5, ""caso"": ""CASE-02""}",3,106,5,0,0.6246,SECURITY_BREACH,True,1.9e-05,2026-09-19T11:44:49.402186
propietario_economico,"{""parte"": ""2.b"", ""temperature"": 1.0, ""top_p"": 0.5, ""caso"": ""CASE-03""}",3,103,3,0,0.5476,NETWORK_PARTITION,True,1.7e-05,2026-09-19T11:44:49.402514
propietario_economico,"{""parte"": ""2.b"", ""temperature"": 1.0, ""top_p"": 0.5, ""caso"": ""CASE-04""}",3,100,5,0,0.4991,RESOURCE_EXHAUSTION,True,1.8e-05,2026-09-19T11:44:49.402842
propietario_economico,"{""parte"": ""2.b"", ""temperature"": 1.0, ""top_p"": 0.5, ""caso"": ""CASE-05""}",3,92,3,0,0.5701,DATABASE_OUTAGE,True,1.6e-05,2026-09-19T11:44:49.403170
propietario_economico,"{""parte"": ""2.b"", ""temperature"": 1.0, ""top_p"": 0.5, ""caso"": ""CASE-06""}",3,99,5,0,0.5297,SECURITY_BREACH,True,1.8e-05,2026-09-19T11:44:49.403499
propietario_economico,"{""parte"": ""2.b"", ""temperature"": 1.0, ""top_p"": 0.5, ""caso"": ""CASE-07""}",3,95,3,0,0.6132,NETWORK_PARTITION,True,1.6e-05,2026-09-19T11:44:49.403827
propietario_economico,"{""parte"": ""2.b"", ""temperature"": 1.0, ""top_p"": 0.5, ""caso"": ""CASE-08""}",3,106,5,0,0.469,RESOURCE_EXHAUSTION,True,1.9e-05,2026-09-19T11:44:49.404154
propietario_economico,"{""parte"": ""2.b"", ""temperature"": 1.0, ""top_p"": 0.5, ""caso"": ""CASE-09""}",3,98,5,0,0.5728,RESOURCE_EXHAUSTION,False,1.8e-05,2026-09-19T11:44:49.404480
propietario_economico,"{""parte"": ""2.b"", ""temperature"": 1.0, ""top_p"": 0.5, ""caso"": ""CASE-10""}",3,98,5,0,0.5361,SECURITY_BREACH,True,1.8e-05,2026-09-19T11:44:49.404807
propietario_economico,"{""parte"": ""2.b"", ""temperature"": 1.0, ""top_p"": 0.5, ""caso"": ""CASE-01""}",4,89,5,0,0.5753,RESOURCE_EXHAUSTION,False,1.6e-05,2026-09-19T11:44:49.405135
propietario_economico,"{""parte"": ""2.b"", ""temperature"": 1.0, ""top_p"": 0.5, ""caso"": ""CASE-02""}",4,106,5,0,0.6561,SECURITY_BREACH,True,1.9e-05,2026-09-19T11:44:49.405464
propietario_economico,"{""parte"": ""2.b"", ""temperature"": 1.0, ""top_p"": 0.5, ""caso"": ""CASE-03""}",4,103,3,0,0.5076,NETWORK_PARTITION,True,1.7e-05,2026-09-19T11:44:49.405801
propietario_economico,"{""parte"": ""2.b"", ""temperature"": 1.0, ""top_p"": 0.5, ""caso"": ""CASE-04""}",4,100,5,0,0.4948,RESOURCE_EXHAUSTION,True,1.8e-05,2026-09-19T11:44:49.406205
propietario_economico,"{""parte"": ""2.b"", ""temperature"": 1.0, ""top_p"": 0.5, ""caso"": ""CASE-05""}",4,92,3,0,0.6013,DATABASE_OUTAGE,True,1.6e-05,2026-09-19T11:44:49.406551
propietario_economico,"{""parte"": ""2.b"", ""temperature"": 1.0, ""top_p"": 0.5, ""caso"": ""CASE-06""}",4,99,5,0,0.5453,SECURITY_BREACH,True,1.8e-05,2026-09-19T11:44:49.406885
propietario_economico,"{""parte"": ""2.b"", ""temperature"": 1.0, ""top_p"": 0.5, ""caso"": ""CASE-07""}",4,95,3,0,0.5493,NETWORK_PARTITION,True,1.6e-05,2026-09-19T11:44:49.407216
propietario_economico,"{""parte"": ""2.b"", ""temperature"": 1.0, ""top_p"": 0.5, ""caso"": ""CASE-08""}",4,106,5,0,0.5032,RESOURCE_EXHAUSTION,True,1.9e-05,2026-09-19T11:44:49.407548
propietario_economico,"{""parte"": ""2.b"", ""temperature"": 1.0, ""top_p"": 0.5, ""caso"": ""CASE-09""}",4,98,5,0,0.5221,RESOURCE_EXHAUSTION,False,1.8e-05,2026-09-19T11:44:49.407878
propietario_economico,"{""parte"": ""2.b"", ""temperature"": 1.0, ""top_p"": 0.5, ""caso"": ""CASE-10""}",4,98,5,0,0.5269,SECURITY_BREACH,True,1.8e-05,2026-09-19T11:44:49.408208
propietario_economico,"{""parte"": ""2.b"", ""temperature"": 1.0, ""top_p"": 0.5, ""caso"": ""CASE-01""}",5,89,5,0,0.5111,RESOURCE_EXHAUSTION,False,1.6e-05,2026-09-19T11:44:49.408536
propietario_economico,"{""parte"": ""2.b"", ""temperature"": 1.0, ""top_p"": 0.5, ""caso"": ""CASE-02""}",5,106,5,0,0.6782,SECURITY_BREACH,True,1.9e-05,2026-09-19T11:44:49.408863
propietario_economico,"{""parte"": ""2.b"", ""temperature"": 1.0, ""top_p"": 0.5, ""caso"": ""CASE-03""}",5,103,3,0,0.5259,NETWORK_PARTITION,True,1.7e-05,2026-09-19T11:44:49.409192
propietario_economico,"{""parte"": ""2.b"", ""temperature"": 1.0, ""top_p"": 0.5, ""caso"": ""CASE-04""}",5,100,5,0,0.6425,RESOURCE_EXHAUSTION,True,1.8e-05,2026-09-19T11:44:49.409521
propietario_economico,"{""parte"": ""2.b"", ""temperature"": 1.0, ""top_p"": 0.5, ""caso"": ""CASE-05""}",5,92,3,0,0.6206,DATABASE_OUTAGE,True,1.6e-05,2026-09-19T11:44:49.409863
propietario_economico,"{""parte"": ""2.b"", ""temperature"": 1.0, ""top_p"": 0.5, ""caso"": ""CASE-06""}",5,99,5,0,0.5393,SECURITY_BREACH,True,1.8e-05,2026-09-19T11:44:49.410190
propietario_economico,"{""parte"": ""2.b"", ""temperature"": 1.0, ""top_p"": 0.5, ""caso"": ""CASE-07""}",5,95,3,0,0.4789,NETWORK_PARTITION,True,1.6e-05,2026-09-19T11:44:49.410523
propietario_economico,"{""parte"": ""2.b"", ""temperature"": 1.0, ""top_p"": 0.5, ""caso"": ""CASE-08""}",5,106,5,0,0.4381,RESOURCE_EXHAUSTION,True,1.9e-05,2026-09-19T11:44:49.410851
propietario_economico,"{""parte"": ""2.b"", ""temperature"": 1.0, ""top_p"": 0.5, ""caso"": ""CASE-09""}",5,98,5,0,0.5203,RESOURCE_EXHAUSTION,False,1.8e-05,2026-09-19T11:44:49.411177
propietario_economico,"{""parte"": ""2.b"", ""temperature"": 1.0, ""top_p"": 0.5, ""caso"": ""CASE-10""}",5,98,5,0,0.5825,SECURITY_BREACH,True,1.8e-05,2026-09-19T11:44:49.411519
propietario_economico,"{""parte"": ""2.b"", ""temperature"": 1.0, ""top_p"": 0.9, ""caso"": ""CASE-01""}",1,89,5,0,0.5796,RESOURCE_EXHAUSTION,False,1.6e-05,2026-09-19T11:44:49.412046
propietario_economico,"{""parte"": ""2.b"", ""temperature"": 1.0, ""top_p"": 0.9, ""caso"": ""CASE-02""}",1,106,5,0,0.7085,SECURITY_BREACH,True,1.9e-05,2026-09-19T11:44:49.412369
propietario_economico,"{""parte"": ""2.b"", ""temperature"": 1.0, ""top_p"": 0.9, ""caso"": ""CASE-03""}",1,103,3,0,0.5163,NETWORK_PARTITION,True,1.7e-05,2026-09-19T11:44:49.412779
propietario_economico,"{""parte"": ""2.b"", ""temperature"": 1.0, ""top_p"": 0.9, ""caso"": ""CASE-04""}",1,100,5,0,0.538,RESOURCE_EXHAUSTION,True,1.8e-05,2026-09-19T11:44:49.413109
propietario_economico,"{""parte"": ""2.b"", ""temperature"": 1.0, ""top_p"": 0.9, ""caso"": ""CASE-05""}",1,92,3,0,0.5475,DATABASE_OUTAGE,True,1.6e-05,2026-09-19T11:44:49.413458
propietario_economico,"{""parte"": ""2.b"", ""temperature"": 1.0, ""top_p"": 0.9, ""caso"": ""CASE-06""}",1,99,5,0,0.5205,SECURITY_BREACH,True,1.8e-05,2026-09-19T11:44:49.413776
propietario_economico,"{""parte"": ""2.b"", ""temperature"": 1.0, ""top_p"": 0.9, ""caso"": ""CASE-07""}",1,95,3,0,0.522,NETWORK_PARTITION,True,1.6e-05,2026-09-19T11:44:49.414162
propietario_economico,"{""parte"": ""2.b"", ""temperature"": 1.0, ""top_p"": 0.9, ""caso"": ""CASE-08""}",1,106,5,0,0.4531,RESOURCE_EXHAUSTION,True,1.9e-05,2026-09-19T11:44:49.414481
propietario_economico,"{""parte"": ""2.b"", ""temperature"": 1.0, ""top_p"": 0.9, ""caso"": ""CASE-09""}",1,98,5,0,0.4788,RESOURCE_EXHAUSTION,False,1.8e-05,2026-09-19T11:44:49.414799
propietario_economico,"{""parte"": ""2.b"", ""temperature"": 1.0, ""top_p"": 0.9, ""caso"": ""CASE-10""}",1,98,5,0,0.5205,SECURITY_BREACH,True,1.8e-05,2026-09-19T11:44:49.415116
propietario_economico,"{""parte"": ""2.b"", ""temperature"": 1.0, ""top_p"": 0.9, ""caso"": ""CASE-01""}",2,89,5,0,0.5721,RESOURCE_EXHAUSTION,False,1.6e-05,2026-09-19T11:44:49.415435
propietario_economico,"{""parte"": ""2.b"", ""temperature"": 1.0, ""top_p"": 0.9, ""caso"": ""CASE-02""}",2,106,5,0,0.5956,SECURITY_BREACH,True,1.9e-05,2026-09-19T11:44:49.415751
propietario_economico,"{""parte"": ""2.b"", ""temperature"": 1.0, ""top_p"": 0.9, ""caso"": ""CASE-03""}",2,103,3,0,0.4968,NETWORK_PARTITION,True,1.7e-05,2026-09-19T11:44:49.416068
propietario_economico,"{""parte"": ""2.b"", ""temperature"": 1.0, ""top_p"": 0.9, ""caso"": ""CASE-04""}",2,100,5,0,0.5338,RESOURCE_EXHAUSTION,True,1.8e-05,2026-09-19T11:44:49.416384
propietario_economico,"{""parte"": ""2.b"", ""temperature"": 1.0, ""top_p"": 0.9, ""caso"": ""CASE-05""}",2,92,3,0,0.7408,DATABASE_OUTAGE,True,1.6e-05,2026-09-19T11:44:49.416722
propietario_economico,"{""parte"": ""2.b"", ""temperature"": 1.0, ""top_p"": 0.9, ""caso"": ""CASE-06""}",2,99,5,0,0.6346,SECURITY_BREACH,True,1.8e-05,2026-09-19T11:44:49.417064
propietario_economico,"{""parte"": ""2.b"", ""temperature"": 1.0, ""top_p"": 0.9, ""caso"": ""CASE-07""}",2,95,3,0,0.536,NETWORK_PARTITION,True,1.6e-05,2026-09-19T11:44:49.417385
propietario_economico,"{""parte"": ""2.b"", ""temperature"": 1.0, ""top_p"": 0.9, ""caso"": ""CASE-08""}",2,106,5,0,0.5358,RESOURCE_EXHAUSTION,True,1.9e-05,2026-09-19T11:44:49.417702
propietario_economico,"{""parte"": ""2.b"", ""temperature"": 1.0, ""top_p"": 0.9, ""caso"": ""CASE-09""}",2,98,5,0,0.6168,RESOURCE_EXHAUSTION,False,1.8e-05,2026-09-19T11:44:49.418021
propietario_economico,"{""parte"": ""2.b"", ""temperature"": 1.0, ""top_p"": 0.9, ""caso"": ""CASE-10""}",2,98,5,0,0.8464,SECURITY_BREACH,True,1.8e-05,2026-09-19T11:44:49.418338
propietario_economico,"{""parte"": ""2.b"", ""temperature"": 1.0, ""top_p"": 0.9, ""caso"": ""CASE-01""}",3,89,5,0,0.4822,RESOURCE_EXHAUSTION,False,1.6e-05,2026-09-19T11:44:49.418657
propietario_economico,"{""parte"": ""2.b"", ""temperature"": 1.0, ""top_p"": 0.9, ""caso"": ""CASE-02""}",3,106,5,0,0.7189,SECURITY_BREACH,True,1.9e-05,2026-09-19T11:44:49.418975
propietario_economico,"{""parte"": ""2.b"", ""temperature"": 1.0, ""top_p"": 0.9, ""caso"": ""CASE-03""}",3,103,3,0,0.4859,NETWORK_PARTITION,True,1.7e-05,2026-09-19T11:44:49.419292
propietario_economico,"{""parte"": ""2.b"", ""temperature"": 1.0, ""top_p"": 0.9, ""caso"": ""CASE-04""}",3,100,5,0,0.5719,RESOURCE_EXHAUSTION,True,1.8e-05,2026-09-19T11:44:49.419609
propietario_economico,"{""parte"": ""2.b"", ""temperature"": 1.0, ""top_p"": 0.9, ""caso"": ""CASE-05""}",3,92,3,0,0.6704,DATABASE_OUTAGE,True,1.6e-05,2026-09-19T11:44:49.419925
propietario_economico,"{""parte"": ""2.b"", ""temperature"": 1.0, ""top_p"": 0.9, ""caso"": ""CASE-06""}",3,99,5,0,0.5704,SECURITY_BREACH,True,1.8e-05,2026-09-19T11:44:49.420242
propietario_economico,"{""parte"": ""2.b"", ""temperature"": 1.0, ""top_p"": 0.9, ""caso"": ""CASE-07""}",3,95,3,0,0.5387,NETWORK_PARTITION,True,1.6e-05,2026-09-19T11:44:49.420604
propietario_economico,"{""parte"": ""2.b"", ""temperature"": 1.0, ""top_p"": 0.9, ""caso"": ""CASE-08""}",3,106,5,0,0.4773,RESOURCE_EXHAUSTION,True,1.9e-05,2026-09-19T11:44:49.420958
propietario_economico,"{""parte"": ""2.b"", ""temperature"": 1.0, ""top_p"": 0.9, ""caso"": ""CASE-09""}",3,98,5,0,0.6428,RESOURCE_EXHAUSTION,False,1.8e-05,2026-09-19T11:44:49.421274
propietario_economico,"{""parte"": ""2.b"", ""temperature"": 1.0, ""top_p"": 0.9, ""caso"": ""CASE-10""}",3,98,5,0,0.5632,SECURITY_BREACH,True,1.8e-05,2026-09-19T11:44:49.421632
propietario_economico,"{""parte"": ""2.b"", ""temperature"": 1.0, ""top_p"": 0.9, ""caso"": ""CASE-01""}",4,89,5,0,0.5406,RESOURCE_EXHAUSTION,False,1.6e-05,2026-09-19T11:44:49.421961
propietario_economico,"{""parte"": ""2.b"", ""temperature"": 1.0, ""top_p"": 0.9, ""caso"": ""CASE-02""}",4,106,5,0,0.6484,SECURITY_BREACH,True,1.9e-05,2026-09-19T11:44:49.422285
propietario_economico,"{""parte"": ""2.b"", ""temperature"": 1.0, ""top_p"": 0.9, ""caso"": ""CASE-03""}",4,103,3,0,0.6079,NETWORK_PARTITION,True,1.7e-05,2026-09-19T11:44:49.422611
propietario_economico,"{""parte"": ""2.b"", ""temperature"": 1.0, ""top_p"": 0.9, ""caso"": ""CASE-04""}",4,100,5,0,0.505,RESOURCE_EXHAUSTION,True,1.8e-05,2026-09-19T11:44:49.422936
propietario_economico,"{""parte"": ""2.b"", ""temperature"": 1.0, ""top_p"": 0.9, ""caso"": ""CASE-05""}",4,92,3,0,0.7308,DATABASE_OUTAGE,True,1.6e-05,2026-09-19T11:44:49.423262
propietario_economico,"{""parte"": ""2.b"", ""temperature"": 1.0, ""top_p"": 0.9, ""caso"": ""CASE-06""}",4,99,5,0,0.4829,SECURITY_BREACH,True,1.8e-05,2026-09-19T11:44:49.423587
propietario_economico,"{""parte"": ""2.b"", ""temperature"": 1.0, ""top_p"": 0.9, ""caso"": ""CASE-07""}",4,95,3,0,0.4935,NETWORK_PARTITION,True,1.6e-05,2026-09-19T11:44:49.423911
propietario_economico,"{""parte"": ""2.b"", ""temperature"": 1.0, ""top_p"": 0.9, ""caso"": ""CASE-08""}",4,106,5,0,0.4999,RESOURCE_EXHAUSTION,True,1.9e-05,2026-09-19T11:44:49.424235
propietario_economico,"{""parte"": ""2.b"", ""temperature"": 1.0, ""top_p"": 0.9, ""caso"": ""CASE-09""}",4,98,5,0,0.5476,RESOURCE_EXHAUSTION,False,1.8e-05,2026-09-19T11:44:49.424560
propietario_economico,"{""parte"": ""2.b"", ""temperature"": 1.0, ""top_p"": 0.9, ""caso"": ""CASE-10""}",4,98,5,0,0.5516,SECURITY_BREACH,True,1.8e-05,2026-09-19T11:44:49.424884
propietario_economico,"{""parte"": ""2.b"", ""temperature"": 1.0, ""top_p"": 0.9, ""caso"": ""CASE-01""}",5,89,5,0,0.5161,RESOURCE_EXHAUSTION,False,1.6e-05,2026-09-19T11:44:49.425208
propietario_economico,"{""parte"": ""2.b"", ""temperature"": 1.0, ""top_p"": 0.9, ""caso"": ""CASE-02""}",5,106,5,0,0.6173,SECURITY_BREACH,True,1.9e-05,2026-09-19T11:44:49.425534
propietario_economico,"{""parte"": ""2.b"", ""temperature"": 1.0, ""top_p"": 0.9, ""caso"": ""CASE-03""}",5,103,3,0,0.4882,NETWORK_PARTITION,True,1.7e-05,2026-09-19T11:44:49.425859
propietario_economico,"{""parte"": ""2.b"", ""temperature"": 1.0, ""top_p"": 0.9, ""caso"": ""CASE-04""}",5,100,5,0,0.5105,RESOURCE_EXHAUSTION,True,1.8e-05,2026-09-19T11:44:49.426184
propietario_economico,"{""parte"": ""2.b"", ""temperature"": 1.0, ""top_p"": 0.9, ""caso"": ""CASE-05""}",5,92,3,0,0.811,DATABASE_OUTAGE,True,1.6e-05,2026-09-19T11:44:49.426509
propietario_economico,"{""parte"": ""2.b"", ""temperature"": 1.0, ""top_p"": 0.9, ""caso"": ""CASE-06""}",5,99,5,0,0.5101,SECURITY_BREACH,True,1.8e-05,2026-09-19T11:44:49.426834
propietario_economico,"{""parte"": ""2.b"", ""temperature"": 1.0, ""top_p"": 0.9, ""caso"": ""CASE-07""}",5,95,3,0,0.5502,NETWORK_PARTITION,True,1.6e-05,2026-09-19T11:44:49.427160
propietario_economico,"{""parte"": ""2.b"", ""temperature"": 1.0, ""top_p"": 0.9, ""caso"": ""CASE-08""}",5,106,5,0,0.5264,RESOURCE_EXHAUSTION,True,1.9e-05,2026-09-19T11:44:49.427484
propietario_economico,"{""parte"": ""2.b"", ""temperature"": 1.0, ""top_p"": 0.9, ""caso"": ""CASE-09""}",5,98,5,0,0.5688,RESOURCE_EXHAUSTION,False,1.8e-05,2026-09-19T11:44:49.427807
propietario_economico,"{""parte"": ""2.b"", ""temperature"": 1.0, ""top_p"": 0.9, ""caso"": ""CASE-10""}",5,98,5,0,0.5751,SECURITY_BREACH,True,1.8e-05,2026-09-19T11:44:49.428131
propietario_economico,"{""parte"": ""2.b"", ""temperature"": 1.0, ""top_p"": 1.0, ""caso"": ""CASE-01""}",1,89,5,0,0.4879,RESOURCE_EXHAUSTION,False,1.6e-05,2026-09-19T11:44:49.428666
propietario_economico,"{""parte"": ""2.b"", ""temperature"": 1.0, ""top_p"": 1.0, ""caso"": ""CASE-02""}",1,106,5,0,0.6493,SECURITY_BREACH,True,1.9e-05,2026-09-19T11:44:49.428996
propietario_economico,"{""parte"": ""2.b"", ""temperature"": 1.0, ""top_p"": 1.0, ""caso"": ""CASE-03""}",1,103,3,0,0.4922,NETWORK_PARTITION,True,1.7e-05,2026-09-19T11:44:49.429323
propietario_economico,"{""parte"": ""2.b"", ""temperature"": 1.0, ""top_p"": 1.0, ""caso"": ""CASE-04""}",1,100,5,0,0.6273,RESOURCE_EXHAUSTION,True,1.8e-05,2026-09-19T11:44:49.429650
propietario_economico,"{""parte"": ""2.b"", ""temperature"": 1.0, ""top_p"": 1.0, ""caso"": ""CASE-05""}",1,92,3,0,0.6003,DATABASE_OUTAGE,True,1.6e-05,2026-09-19T11:44:49.430142
propietario_economico,"{""parte"": ""2.b"", ""temperature"": 1.0, ""top_p"": 1.0, ""caso"": ""CASE-06""}",1,99,5,0,0.5934,SECURITY_BREACH,True,1.8e-05,2026-09-19T11:44:49.430488
propietario_economico,"{""parte"": ""2.b"", ""temperature"": 1.0, ""top_p"": 1.0, ""caso"": ""CASE-07""}",1,95,3,0,0.5029,NETWORK_PARTITION,True,1.6e-05,2026-09-19T11:44:49.430819
propietario_economico,"{""parte"": ""2.b"", ""temperature"": 1.0, ""top_p"": 1.0, ""caso"": ""CASE-08""}",1,106,5,0,0.4692,RESOURCE_EXHAUSTION,True,1.9e-05,2026-09-19T11:44:49.431148
propietario_economico,"{""parte"": ""2.b"", ""temperature"": 1.0, ""top_p"": 1.0, ""caso"": ""CASE-09""}",1,98,5,0,0.5357,RESOURCE_EXHAUSTION,False,1.8e-05,2026-09-19T11:44:49.431489
propietario_economico,"{""parte"": ""2.b"", ""temperature"": 1.0, ""top_p"": 1.0, ""caso"": ""CASE-10""}",1,98,5,0,0.5577,SECURITY_BREACH,True,1.8e-05,2026-09-19T11:44:49.431807
propietario_economico,"{""parte"": ""2.b"", ""temperature"": 1.0, ""top_p"": 1.0, ""caso"": ""CASE-01""}",2,89,5,0,0.5195,RESOURCE_EXHAUSTION,False,1.6e-05,2026-09-19T11:44:49.432125
propietario_economico,"{""parte"": ""2.b"", ""temperature"": 1.0, ""top_p"": 1.0, ""caso"": ""CASE-02""}",2,106,5,0,0.6061,SECURITY_BREACH,True,1.9e-05,2026-09-19T11:44:49.432559
propietario_economico,"{""parte"": ""2.b"", ""temperature"": 1.0, ""top_p"": 1.0, ""caso"": ""CASE-03""}",2,103,3,0,0.6801,NETWORK_PARTITION,True,1.7e-05,2026-09-19T11:44:49.432935
propietario_economico,"{""parte"": ""2.b"", ""temperature"": 1.0, ""top_p"": 1.0, ""caso"": ""CASE-04""}",2,100,5,0,0.5148,RESOURCE_EXHAUSTION,True,1.8e-05,2026-09-19T11:44:49.433346
propietario_economico,"{""parte"": ""2.b"", ""temperature"": 1.0, ""top_p"": 1.0, ""caso"": ""CASE-05""}",2,92,3,0,0.683,DATABASE_OUTAGE,True,1.6e-05,2026-09-19T11:44:49.433745
propietario_economico,"{""parte"": ""2.b"", ""temperature"": 1.0, ""top_p"": 1.0, ""caso"": ""CASE-06""}",2,99,5,0,0.4889,SECURITY_BREACH,True,1.8e-05,2026-09-19T11:44:49.434200
propietario_economico,"{""parte"": ""2.b"", ""temperature"": 1.0, ""top_p"": 1.0, ""caso"": ""CASE-07""}",2,95,3,0,0.5108,NETWORK_PARTITION,True,1.6e-05,2026-09-19T11:44:49.434665
propietario_economico,"{""parte"": ""2.b"", ""temperature"": 1.0, ""top_p"": 1.0, ""caso"": ""CASE-08""}",2,106,5,0,0.4599,RESOURCE_EXHAUSTION,True,1.9e-05,2026-09-19T11:44:49.435115
propietario_economico,"{""parte"": ""2.b"", ""temperature"": 1.0, ""top_p"": 1.0, ""caso"": ""CASE-09""}",2,98,5,0,0.5602,RESOURCE_EXHAUSTION,False,1.8e-05,2026-09-19T11:44:49.435536
propietario_economico,"{""parte"": ""2.b"", ""temperature"": 1.0, ""top_p"": 1.0, ""caso"": ""CASE-10""}",2,98,5,0,0.5965,SECURITY_BREACH,True,1.8e-05,2026-09-19T11:44:49.435910
propietario_economico,"{""parte"": ""2.b"", ""temperature"": 1.0, ""top_p"": 1.0, ""caso"": ""CASE-01""}",3,89,5,0,0.496,RESOURCE_EXHAUSTION,False,1.6e-05,2026-09-19T11:44:49.436316
propietario_economico,"{""parte"": ""2.b"", ""temperature"": 1.0, ""top_p"": 1.0, ""caso"": ""CASE-02""}",3,106,5,0,0.6418,SECURITY_BREACH,True,1.9e-05,2026-09-19T11:44:49.436762
propietario_economico,"{""parte"": ""2.b"", ""temperature"": 1.0, ""top_p"": 1.0, ""caso"": ""CASE-03""}",3,103,3,0,0.4805,NETWORK_PARTITION,True,1.7e-05,2026-09-19T11:44:49.437185
propietario_economico,"{""parte"": ""2.b"", ""temperature"": 1.0, ""top_p"": 1.0, ""caso"": ""CASE-04""}",3,100,5,0,0.515,RESOURCE_EXHAUSTION,True,1.8e-05,2026-09-19T11:44:49.437570
propietario_economico,"{""parte"": ""2.b"", ""temperature"": 1.0, ""top_p"": 1.0, ""caso"": ""CASE-05""}",3,92,3,0,0.5738,DATABASE_OUTAGE,True,1.6e-05,2026-09-19T11:44:49.437948
propietario_economico,"{""parte"": ""2.b"", ""temperature"": 1.0, ""top_p"": 1.0, ""caso"": ""CASE-06""}",3,99,5,0,0.5049,SECURITY_BREACH,True,1.8e-05,2026-09-19T11:44:49.438291
propietario_economico,"{""parte"": ""2.b"", ""temperature"": 1.0, ""top_p"": 1.0, ""caso"": ""CASE-07""}",3,95,3,0,0.5669,NETWORK_PARTITION,True,1.6e-05,2026-09-19T11:44:49.439027
propietario_economico,"{""parte"": ""2.b"", ""temperature"": 1.0, ""top_p"": 1.0, ""caso"": ""CASE-08""}",3,106,5,0,0.6137,RESOURCE_EXHAUSTION,True,1.9e-05,2026-09-19T11:44:49.439550
propietario_economico,"{""parte"": ""2.b"", ""temperature"": 1.0, ""top_p"": 1.0, ""caso"": ""CASE-09""}",3,98,5,0,0.4923,RESOURCE_EXHAUSTION,False,1.8e-05,2026-09-19T11:44:49.440145
propietario_economico,"{""parte"": ""2.b"", ""temperature"": 1.0, ""top_p"": 1.0, ""caso"": ""CASE-10""}",3,98,5,0,0.5248,SECURITY_BREACH,True,1.8e-05,2026-09-19T11:44:49.440609
propietario_economico,"{""parte"": ""2.b"", ""temperature"": 1.0, ""top_p"": 1.0, ""caso"": ""CASE-01""}",4,89,5,0,0.4772,RESOURCE_EXHAUSTION,False,1.6e-05,2026-09-19T11:44:49.441234
propietario_economico,"{""parte"": ""2.b"", ""temperature"": 1.0, ""top_p"": 1.0, ""caso"": ""CASE-02""}",4,106,5,0,0.6756,SECURITY_BREACH,True,1.9e-05,2026-09-19T11:44:49.441728
propietario_economico,"{""parte"": ""2.b"", ""temperature"": 1.0, ""top_p"": 1.0, ""caso"": ""CASE-03""}",4,103,3,0,0.4856,NETWORK_PARTITION,True,1.7e-05,2026-09-19T11:44:49.442176
propietario_economico,"{""parte"": ""2.b"", ""temperature"": 1.0, ""top_p"": 1.0, ""caso"": ""CASE-04""}",4,100,5,0,0.4642,RESOURCE_EXHAUSTION,True,1.8e-05,2026-09-19T11:44:49.442668
propietario_economico,"{""parte"": ""2.b"", ""temperature"": 1.0, ""top_p"": 1.0, ""caso"": ""CASE-05""}",4,92,3,0,0.6407,DATABASE_OUTAGE,True,1.6e-05,2026-09-19T11:44:49.443182
propietario_economico,"{""parte"": ""2.b"", ""temperature"": 1.0, ""top_p"": 1.0, ""caso"": ""CASE-06""}",4,99,5,0,0.513,SECURITY_BREACH,True,1.8e-05,2026-09-19T11:44:49.443708
propietario_economico,"{""parte"": ""2.b"", ""temperature"": 1.0, ""top_p"": 1.0, ""caso"": ""CASE-07""}",4,95,3,0,0.5089,NETWORK_PARTITION,True,1.6e-05,2026-09-19T11:44:49.444302
propietario_economico,"{""parte"": ""2.b"", ""temperature"": 1.0, ""top_p"": 1.0, ""caso"": ""CASE-08""}",4,106,5,0,0.4728,RESOURCE_EXHAUSTION,True,1.9e-05,2026-09-19T11:44:49.445003
propietario_economico,"{""parte"": ""2.b"", ""temperature"": 1.0, ""top_p"": 1.0, ""caso"": ""CASE-09""}",4,98,5,0,0.7256,RESOURCE_EXHAUSTION,False,1.8e-05,2026-09-19T11:44:49.445530
propietario_economico,"{""parte"": ""2.b"", ""temperature"": 1.0, ""top_p"": 1.0, ""caso"": ""CASE-10""}",4,98,5,0,0.6034,SECURITY_BREACH,True,1.8e-05,2026-09-19T11:44:49.446202
propietario_economico,"{""parte"": ""2.b"", ""temperature"": 1.0, ""top_p"": 1.0, ""caso"": ""CASE-01""}",5,89,5,0,0.5059,RESOURCE_EXHAUSTION,False,1.6e-05,2026-09-19T11:44:49.446721
propietario_economico,"{""parte"": ""2.b"", ""temperature"": 1.0, ""top_p"": 1.0, ""caso"": ""CASE-02""}",5,106,5,0,0.6358,SECURITY_BREACH,True,1.9e-05,2026-09-19T11:44:49.447350
propietario_economico,"{""parte"": ""2.b"", ""temperature"": 1.0, ""top_p"": 1.0, ""caso"": ""CASE-03""}",5,103,3,0,0.5358,NETWORK_PARTITION,True,1.7e-05,2026-09-19T11:44:49.447989
propietario_economico,"{""parte"": ""2.b"", ""temperature"": 1.0, ""top_p"": 1.0, ""caso"": ""CASE-04""}",5,100,5,0,0.6324,RESOURCE_EXHAUSTION,True,1.8e-05,2026-09-19T11:44:49.448601
propietario_economico,"{""parte"": ""2.b"", ""temperature"": 1.0, ""top_p"": 1.0, ""caso"": ""CASE-05""}",5,92,3,0,0.6358,DATABASE_OUTAGE,True,1.6e-05,2026-09-19T11:44:49.449205
propietario_economico,"{""parte"": ""2.b"", ""temperature"": 1.0, ""top_p"": 1.0, ""caso"": ""CASE-06""}",5,99,5,0,0.7008,SECURITY_BREACH,True,1.8e-05,2026-09-19T11:44:49.449790
propietario_economico,"{""parte"": ""2.b"", ""temperature"": 1.0, ""top_p"": 1.0, ""caso"": ""CASE-07""}",5,95,3,0,0.6105,NETWORK_PARTITION,True,1.6e-05,2026-09-19T11:44:49.450561
propietario_economico,"{""parte"": ""2.b"", ""temperature"": 1.0, ""top_p"": 1.0, ""caso"": ""CASE-08""}",5,106,5,0,0.4966,RESOURCE_EXHAUSTION,True,1.9e-05,2026-09-19T11:44:49.451108
propietario_economico,"{""parte"": ""2.b"", ""temperature"": 1.0, ""top_p"": 1.0, ""caso"": ""CASE-09""}",5,98,5,0,0.5823,RESOURCE_EXHAUSTION,False,1.8e-05,2026-09-19T11:44:49.451647
propietario_economico,"{""parte"": ""2.b"", ""temperature"": 1.0, ""top_p"": 1.0, ""caso"": ""CASE-10""}",5,98,5,0,0.5285,SECURITY_BREACH,True,1.8e-05,2026-09-19T11:44:49.452152
propietario_economico,"{""parte"": ""2.b"", ""temperature"": 1.5, ""top_p"": 0.5, ""caso"": ""CASE-01""}",1,89,5,0,0.4974,RESOURCE_EXHAUSTION,False,1.6e-05,2026-09-19T11:44:49.453009
propietario_economico,"{""parte"": ""2.b"", ""temperature"": 1.5, ""top_p"": 0.5, ""caso"": ""CASE-02""}",1,106,5,0,0.6395,SECURITY_BREACH,True,1.9e-05,2026-09-19T11:44:49.453552
propietario_economico,"{""parte"": ""2.b"", ""temperature"": 1.5, ""top_p"": 0.5, ""caso"": ""CASE-03""}",1,103,3,0,0.4252,NETWORK_PARTITION,True,1.7e-05,2026-09-19T11:44:49.454098
propietario_economico,"{""parte"": ""2.b"", ""temperature"": 1.5, ""top_p"": 0.5, ""caso"": ""CASE-04""}",1,100,5,0,0.5151,RESOURCE_EXHAUSTION,True,1.8e-05,2026-09-19T11:44:49.454568
propietario_economico,"{""parte"": ""2.b"", ""temperature"": 1.5, ""top_p"": 0.5, ""caso"": ""CASE-05""}",1,92,3,0,0.5821,DATABASE_OUTAGE,True,1.6e-05,2026-09-19T11:44:49.454953
propietario_economico,"{""parte"": ""2.b"", ""temperature"": 1.5, ""top_p"": 0.5, ""caso"": ""CASE-06""}",1,99,5,0,0.5466,SECURITY_BREACH,True,1.8e-05,2026-09-19T11:44:49.455325
propietario_economico,"{""parte"": ""2.b"", ""temperature"": 1.5, ""top_p"": 0.5, ""caso"": ""CASE-07""}",1,95,3,0,0.6416,NETWORK_PARTITION,True,1.6e-05,2026-09-19T11:44:49.455688
propietario_economico,"{""parte"": ""2.b"", ""temperature"": 1.5, ""top_p"": 0.5, ""caso"": ""CASE-08""}",1,106,5,0,0.4819,RESOURCE_EXHAUSTION,True,1.9e-05,2026-09-19T11:44:49.456061
propietario_economico,"{""parte"": ""2.b"", ""temperature"": 1.5, ""top_p"": 0.5, ""caso"": ""CASE-09""}",1,98,5,0,0.5611,RESOURCE_EXHAUSTION,False,1.8e-05,2026-09-19T11:44:49.456415
propietario_economico,"{""parte"": ""2.b"", ""temperature"": 1.5, ""top_p"": 0.5, ""caso"": ""CASE-10""}",1,98,5,0,0.5229,SECURITY_BREACH,True,1.8e-05,2026-09-19T11:44:49.456767
propietario_economico,"{""parte"": ""2.b"", ""temperature"": 1.5, ""top_p"": 0.5, ""caso"": ""CASE-01""}",2,89,5,0,0.4912,RESOURCE_EXHAUSTION,False,1.6e-05,2026-09-19T11:44:49.457118
propietario_economico,"{""parte"": ""2.b"", ""temperature"": 1.5, ""top_p"": 0.5, ""caso"": ""CASE-02""}",2,106,5,0,0.6306,SECURITY_BREACH,True,1.9e-05,2026-09-19T11:44:49.457466
propietario_economico,"{""parte"": ""2.b"", ""temperature"": 1.5, ""top_p"": 0.5, ""caso"": ""CASE-03""}",2,103,3,0,0.5487,NETWORK_PARTITION,True,1.7e-05,2026-09-19T11:44:49.457813
propietario_economico,"{""parte"": ""2.b"", ""temperature"": 1.5, ""top_p"": 0.5, ""caso"": ""CASE-04""}",2,100,5,0,0.4916,RESOURCE_EXHAUSTION,True,1.8e-05,2026-09-19T11:44:49.458162
propietario_economico,"{""parte"": ""2.b"", ""temperature"": 1.5, ""top_p"": 0.5, ""caso"": ""CASE-05""}",2,92,3,0,0.6102,DATABASE_OUTAGE,True,1.6e-05,2026-09-19T11:44:49.458508
propietario_economico,"{""parte"": ""2.b"", ""temperature"": 1.5, ""top_p"": 0.5, ""caso"": ""CASE-06""}",2,99,5,0,0.5629,SECURITY_BREACH,True,1.8e-05,2026-09-19T11:44:49.458856
propietario_economico,"{""parte"": ""2.b"", ""temperature"": 1.5, ""top_p"": 0.5, ""caso"": ""CASE-07""}",2,95,3,0,0.5952,NETWORK_PARTITION,True,1.6e-05,2026-09-19T11:44:49.459202
propietario_economico,"{""parte"": ""2.b"", ""temperature"": 1.5, ""top_p"": 0.5, ""caso"": ""CASE-08""}",2,106,5,0,0.4374,RESOURCE_EXHAUSTION,True,1.9e-05,2026-09-19T11:44:49.459549
propietario_economico,"{""parte"": ""2.b"", ""temperature"": 1.5, ""top_p"": 0.5, ""caso"": ""CASE-09""}",2,98,5,0,0.4553,RESOURCE_EXHAUSTION,False,1.8e-05,2026-09-19T11:44:49.459899
propietario_economico,"{""parte"": ""2.b"", ""temperature"": 1.5, ""top_p"": 0.5, ""caso"": ""CASE-10""}",2,98,5,0,0.5355,SECURITY_BREACH,True,1.8e-05,2026-09-19T11:44:49.460375
propietario_economico,"{""parte"": ""2.b"", ""temperature"": 1.5, ""top_p"": 0.5, ""caso"": ""CASE-01""}",3,89,5,0,0.4703,RESOURCE_EXHAUSTION,False,1.6e-05,2026-09-19T11:44:49.461111
propietario_economico,"{""parte"": ""2.b"", ""temperature"": 1.5, ""top_p"": 0.5, ""caso"": ""CASE-02""}",3,106,5,0,0.6564,SECURITY_BREACH,True,1.9e-05,2026-09-19T11:44:49.461605
propietario_economico,"{""parte"": ""2.b"", ""temperature"": 1.5, ""top_p"": 0.5, ""caso"": ""CASE-03""}",3,103,3,0,0.4634,NETWORK_PARTITION,True,1.7e-05,2026-09-19T11:44:49.462193
propietario_economico,"{""parte"": ""2.b"", ""temperature"": 1.5, ""top_p"": 0.5, ""caso"": ""CASE-04""}",3,100,5,0,0.621,RESOURCE_EXHAUSTION,True,1.8e-05,2026-09-19T11:44:49.462660
propietario_economico,"{""parte"": ""2.b"", ""temperature"": 1.5, ""top_p"": 0.5, ""caso"": ""CASE-05""}",3,92,3,0,0.5946,DATABASE_OUTAGE,True,1.6e-05,2026-09-19T11:44:49.463197
propietario_economico,"{""parte"": ""2.b"", ""temperature"": 1.5, ""top_p"": 0.5, ""caso"": ""CASE-06""}",3,99,5,0,0.4579,SECURITY_BREACH,True,1.8e-05,2026-09-19T11:44:49.463778
propietario_economico,"{""parte"": ""2.b"", ""temperature"": 1.5, ""top_p"": 0.5, ""caso"": ""CASE-07""}",3,95,3,0,0.5237,NETWORK_PARTITION,True,1.6e-05,2026-09-19T11:44:49.464271
propietario_economico,"{""parte"": ""2.b"", ""temperature"": 1.5, ""top_p"": 0.5, ""caso"": ""CASE-08""}",3,106,5,0,0.4556,RESOURCE_EXHAUSTION,True,1.9e-05,2026-09-19T11:44:49.464690
propietario_economico,"{""parte"": ""2.b"", ""temperature"": 1.5, ""top_p"": 0.5, ""caso"": ""CASE-09""}",3,98,5,0,0.5139,RESOURCE_EXHAUSTION,False,1.8e-05,2026-09-19T11:44:49.465223
propietario_economico,"{""parte"": ""2.b"", ""temperature"": 1.5, ""top_p"": 0.5, ""caso"": ""CASE-10""}",3,98,5,0,0.5201,SECURITY_BREACH,True,1.8e-05,2026-09-19T11:44:49.465738
propietario_economico,"{""parte"": ""2.b"", ""temperature"": 1.5, ""top_p"": 0.5, ""caso"": ""CASE-01""}",4,89,5,0,0.4701,RESOURCE_EXHAUSTION,False,1.6e-05,2026-09-19T11:44:49.466252
propietario_economico,"{""parte"": ""2.b"", ""temperature"": 1.5, ""top_p"": 0.5, ""caso"": ""CASE-02""}",4,106,5,0,0.5686,SECURITY_BREACH,True,1.9e-05,2026-09-19T11:44:49.466714
propietario_economico,"{""parte"": ""2.b"", ""temperature"": 1.5, ""top_p"": 0.5, ""caso"": ""CASE-03""}",4,103,3,0,0.476,NETWORK_PARTITION,True,1.7e-05,2026-09-19T11:44:49.467082
propietario_economico,"{""parte"": ""2.b"", ""temperature"": 1.5, ""top_p"": 0.5, ""caso"": ""CASE-04""}",4,100,5,0,0.5354,RESOURCE_EXHAUSTION,True,1.8e-05,2026-09-19T11:44:49.467435
propietario_economico,"{""parte"": ""2.b"", ""temperature"": 1.5, ""top_p"": 0.5, ""caso"": ""CASE-05""}",4,92,3,0,0.6298,DATABASE_OUTAGE,True,1.6e-05,2026-09-19T11:44:49.467781
propietario_economico,"{""parte"": ""2.b"", ""temperature"": 1.5, ""top_p"": 0.5, ""caso"": ""CASE-06""}",4,99,5,0,0.5179,SECURITY_BREACH,True,1.8e-05,2026-09-19T11:44:49.468128
propietario_economico,"{""parte"": ""2.b"", ""temperature"": 1.5, ""top_p"": 0.5, ""caso"": ""CASE-07""}",4,95,3,0,0.499,NETWORK_PARTITION,True,1.6e-05,2026-09-19T11:44:49.468470
propietario_economico,"{""parte"": ""2.b"", ""temperature"": 1.5, ""top_p"": 0.5, ""caso"": ""CASE-08""}",4,106,5,0,0.4506,RESOURCE_EXHAUSTION,True,1.9e-05,2026-09-19T11:44:49.468823
propietario_economico,"{""parte"": ""2.b"", ""temperature"": 1.5, ""top_p"": 0.5, ""caso"": ""CASE-09""}",4,98,5,0,0.6143,RESOURCE_EXHAUSTION,False,1.8e-05,2026-09-19T11:44:49.469171
propietario_economico,"{""parte"": ""2.b"", ""temperature"": 1.5, ""top_p"": 0.5, ""caso"": ""CASE-10""}",4,98,5,0,0.6067,SECURITY_BREACH,True,1.8e-05,2026-09-19T11:44:49.469516
propietario_economico,"{""parte"": ""2.b"", ""temperature"": 1.5, ""top_p"": 0.5, ""caso"": ""CASE-01""}",5,89,5,0,0.4847,RESOURCE_EXHAUSTION,False,1.6e-05,2026-09-19T11:44:49.469863
propietario_economico,"{""parte"": ""2.b"", ""temperature"": 1.5, ""top_p"": 0.5, ""caso"": ""CASE-02""}",5,106,5,0,0.8179,SECURITY_BREACH,True,1.9e-05,2026-09-19T11:44:49.470208
propietario_economico,"{""parte"": ""2.b"", ""temperature"": 1.5, ""top_p"": 0.5, ""caso"": ""CASE-03""}",5,103,3,0,0.5345,NETWORK_PARTITION,True,1.7e-05,2026-09-19T11:44:49.470558
propietario_economico,"{""parte"": ""2.b"", ""temperature"": 1.5, ""top_p"": 0.5, ""caso"": ""CASE-04""}",5,100,5,0,0.5781,RESOURCE_EXHAUSTION,True,1.8e-05,2026-09-19T11:44:49.470927
propietario_economico,"{""parte"": ""2.b"", ""temperature"": 1.5, ""top_p"": 0.5, ""caso"": ""CASE-05""}",5,92,3,0,0.6655,DATABASE_OUTAGE,True,1.6e-05,2026-09-19T11:44:49.471287
propietario_economico,"{""parte"": ""2.b"", ""temperature"": 1.5, ""top_p"": 0.5, ""caso"": ""CASE-06""}",5,99,5,0,0.4926,SECURITY_BREACH,True,1.8e-05,2026-09-19T11:44:49.471633
propietario_economico,"{""parte"": ""2.b"", ""temperature"": 1.5, ""top_p"": 0.5, ""caso"": ""CASE-07""}",5,95,3,0,0.5324,NETWORK_PARTITION,True,1.6e-05,2026-09-19T11:44:49.471974
propietario_economico,"{""parte"": ""2.b"", ""temperature"": 1.5, ""top_p"": 0.5, ""caso"": ""CASE-08""}",5,106,5,0,0.5216,RESOURCE_EXHAUSTION,True,1.9e-05,2026-09-19T11:44:49.472318
propietario_economico,"{""parte"": ""2.b"", ""temperature"": 1.5, ""top_p"": 0.5, ""caso"": ""CASE-09""}",5,98,5,0,0.5285,RESOURCE_EXHAUSTION,False,1.8e-05,2026-09-19T11:44:49.472661
propietario_economico,"{""parte"": ""2.b"", ""temperature"": 1.5, ""top_p"": 0.5, ""caso"": ""CASE-10""}",5,98,5,0,0.5519,SECURITY_BREACH,True,1.8e-05,2026-09-19T11:44:49.473007
propietario_economico,"{""parte"": ""2.b"", ""temperature"": 1.5, ""top_p"": 0.9, ""caso"": ""CASE-01""}",1,89,5,0,0.5006,RESOURCE_EXHAUSTION,False,1.6e-05,2026-09-19T11:44:49.473581
propietario_economico,"{""parte"": ""2.b"", ""temperature"": 1.5, ""top_p"": 0.9, ""caso"": ""CASE-02""}",1,106,5,0,0.7348,SECURITY_BREACH,True,1.9e-05,2026-09-19T11:44:49.474067
propietario_economico,"{""parte"": ""2.b"", ""temperature"": 1.5, ""top_p"": 0.9, ""caso"": ""CASE-03""}",1,103,3,0,0.5435,NETWORK_PARTITION,True,1.7e-05,2026-09-19T11:44:49.474650
propietario_economico,"{""parte"": ""2.b"", ""temperature"": 1.5, ""top_p"": 0.9, ""caso"": ""CASE-04""}",1,100,5,0,0.5971,RESOURCE_EXHAUSTION,True,1.8e-05,2026-09-19T11:44:49.475318
propietario_economico,"{""parte"": ""2.b"", ""temperature"": 1.5, ""top_p"": 0.9, ""caso"": ""CASE-05""}",1,92,3,0,0.5788,DATABASE_OUTAGE,True,1.6e-05,2026-09-19T11:44:49.475918
propietario_economico,"{""parte"": ""2.b"", ""temperature"": 1.5, ""top_p"": 0.9, ""caso"": ""CASE-06""}",1,99,5,0,0.4888,SECURITY_BREACH,True,1.8e-05,2026-09-19T11:44:49.476427
propietario_economico,"{""parte"": ""2.b"", ""temperature"": 1.5, ""top_p"": 0.9, ""caso"": ""CASE-07""}",1,95,3,0,0.5282,NETWORK_PARTITION,True,1.6e-05,2026-09-19T11:44:49.476816
propietario_economico,"{""parte"": ""2.b"", ""temperature"": 1.5, ""top_p"": 0.9, ""caso"": ""CASE-08""}",1,106,5,0,0.4794,RESOURCE_EXHAUSTION,True,1.9e-05,2026-09-19T11:44:49.477205
propietario_economico,"{""parte"": ""2.b"", ""temperature"": 1.5, ""top_p"": 0.9, ""caso"": ""CASE-09""}",1,98,5,0,0.5514,RESOURCE_EXHAUSTION,False,1.8e-05,2026-09-19T11:44:49.477567
propietario_economico,"{""parte"": ""2.b"", ""temperature"": 1.5, ""top_p"": 0.9, ""caso"": ""CASE-10""}",1,98,5,0,0.5078,SECURITY_BREACH,True,1.8e-05,2026-09-19T11:44:49.477942
propietario_economico,"{""parte"": ""2.b"", ""temperature"": 1.5, ""top_p"": 0.9, ""caso"": ""CASE-01""}",2,89,5,0,0.5283,RESOURCE_EXHAUSTION,False,1.6e-05,2026-09-19T11:44:49.478295
propietario_economico,"{""parte"": ""2.b"", ""temperature"": 1.5, ""top_p"": 0.9, ""caso"": ""CASE-02""}",2,106,5,0,0.6504,SECURITY_BREACH,True,1.9e-05,2026-09-19T11:44:49.478649
propietario_economico,"{""parte"": ""2.b"", ""temperature"": 1.5, ""top_p"": 0.9, ""caso"": ""CASE-03""}",2,103,3,0,0.491,NETWORK_PARTITION,True,1.7e-05,2026-09-19T11:44:49.478996
propietario_economico,"{""parte"": ""2.b"", ""temperature"": 1.5, ""top_p"": 0.9, ""caso"": ""CASE-04""}",2,100,5,0,0.537,RESOURCE_EXHAUSTION,True,1.8e-05,2026-09-19T11:44:49.479346
propietario_economico,"{""parte"": ""2.b"", ""temperature"": 1.5, ""top_p"": 0.9, ""caso"": ""CASE-05""}",2,92,3,0,0.5952,DATABASE_OUTAGE,True,1.6e-05,2026-09-19T11:44:49.479705
propietario_economico,"{""parte"": ""2.b"", ""temperature"": 1.5, ""top_p"": 0.9, ""caso"": ""CASE-06""}",2,99,5,0,0.5418,SECURITY_BREACH,True,1.8e-05,2026-09-19T11:44:49.480047
propietario_economico,"{""parte"": ""2.b"", ""temperature"": 1.5, ""top_p"": 0.9, ""caso"": ""CASE-07""}",2,95,3,0,0.5334,NETWORK_PARTITION,True,1.6e-05,2026-09-19T11:44:49.480390
propietario_economico,"{""parte"": ""2.b"", ""temperature"": 1.5, ""top_p"": 0.9, ""caso"": ""CASE-08""}",2,106,5,0,0.5982,RESOURCE_EXHAUSTION,True,1.9e-05,2026-09-19T11:44:49.480735
propietario_economico,"{""parte"": ""2.b"", ""temperature"": 1.5, ""top_p"": 0.9, ""caso"": ""CASE-09""}",2,98,5,0,0.5252,RESOURCE_EXHAUSTION,False,1.8e-05,2026-09-19T11:44:49.481078
propietario_economico,"{""parte"": ""2.b"", ""temperature"": 1.5, ""top_p"": 0.9, ""caso"": ""CASE-10""}",2,98,5,0,0.4959,SECURITY_BREACH,True,1.8e-05,2026-09-19T11:44:49.481417
propietario_economico,"{""parte"": ""2.b"", ""temperature"": 1.5, ""top_p"": 0.9, ""caso"": ""CASE-01""}",3,89,5,0,0.5223,RESOURCE_EXHAUSTION,False,1.6e-05,2026-09-19T11:44:49.481782
propietario_economico,"{""parte"": ""2.b"", ""temperature"": 1.5, ""top_p"": 0.9, ""caso"": ""CASE-02""}",3,106,5,0,0.618,SECURITY_BREACH,True,1.9e-05,2026-09-19T11:44:49.482156
propietario_economico,"{""parte"": ""2.b"", ""temperature"": 1.5, ""top_p"": 0.9, ""caso"": ""CASE-03""}",3,103,3,0,0.4717,NETWORK_PARTITION,True,1.7e-05,2026-09-19T11:44:49.482714
propietario_economico,"{""parte"": ""2.b"", ""temperature"": 1.5, ""top_p"": 0.9, ""caso"": ""CASE-04""}",3,100,5,0,0.5462,RESOURCE_EXHAUSTION,True,1.8e-05,2026-09-19T11:44:49.483224
propietario_economico,"{""parte"": ""2.b"", ""temperature"": 1.5, ""top_p"": 0.9, ""caso"": ""CASE-05""}",3,92,3,0,0.6241,DATABASE_OUTAGE,True,1.6e-05,2026-09-19T11:44:49.483767
propietario_economico,"{""parte"": ""2.b"", ""temperature"": 1.5, ""top_p"": 0.9, ""caso"": ""CASE-06""}",3,99,5,0,0.5407,SECURITY_BREACH,True,1.8e-05,2026-09-19T11:44:49.484217
propietario_economico,"{""parte"": ""2.b"", ""temperature"": 1.5, ""top_p"": 0.9, ""caso"": ""CASE-07""}",3,95,3,0,0.5239,NETWORK_PARTITION,True,1.6e-05,2026-09-19T11:44:49.484581
propietario_economico,"{""parte"": ""2.b"", ""temperature"": 1.5, ""top_p"": 0.9, ""caso"": ""CASE-08""}",3,106,5,0,0.4174,RESOURCE_EXHAUSTION,True,1.9e-05,2026-09-19T11:44:49.484932
propietario_economico,"{""parte"": ""2.b"", ""temperature"": 1.5, ""top_p"": 0.9, ""caso"": ""CASE-09""}",3,98,5,0,0.7151,RESOURCE_EXHAUSTION,False,1.8e-05,2026-09-19T11:44:49.485280
propietario_economico,"{""parte"": ""2.b"", ""temperature"": 1.5, ""top_p"": 0.9, ""caso"": ""CASE-10""}",3,98,5,0,0.5025,SECURITY_BREACH,True,1.8e-05,2026-09-19T11:44:49.485622
propietario_economico,"{""parte"": ""2.b"", ""temperature"": 1.5, ""top_p"": 0.9, ""caso"": ""CASE-01""}",4,89,5,0,0.4619,RESOURCE_EXHAUSTION,False,1.6e-05,2026-09-19T11:44:49.485966
propietario_economico,"{""parte"": ""2.b"", ""temperature"": 1.5, ""top_p"": 0.9, ""caso"": ""CASE-02""}",4,106,5,0,0.6552,SECURITY_BREACH,True,1.9e-05,2026-09-19T11:44:49.486309
propietario_economico,"{""parte"": ""2.b"", ""temperature"": 1.5, ""top_p"": 0.9, ""caso"": ""CASE-03""}",4,103,3,0,0.5557,NETWORK_PARTITION,True,1.7e-05,2026-09-19T11:44:49.486649
propietario_economico,"{""parte"": ""2.b"", ""temperature"": 1.5, ""top_p"": 0.9, ""caso"": ""CASE-04""}",4,100,5,0,0.4835,RESOURCE_EXHAUSTION,True,1.8e-05,2026-09-19T11:44:49.486989
propietario_economico,"{""parte"": ""2.b"", ""temperature"": 1.5, ""top_p"": 0.9, ""caso"": ""CASE-05""}",4,92,3,0,0.6961,DATABASE_OUTAGE,True,1.6e-05,2026-09-19T11:44:49.488689
propietario_economico,"{""parte"": ""2.b"", ""temperature"": 1.5, ""top_p"": 0.9, ""caso"": ""CASE-06""}",4,99,5,0,0.5498,SECURITY_BREACH,True,1.8e-05,2026-09-19T11:44:49.489115
propietario_economico,"{""parte"": ""2.b"", ""temperature"": 1.5, ""top_p"": 0.9, ""caso"": ""CASE-07""}",4,95,3,0,0.5058,NETWORK_PARTITION,True,1.6e-05,2026-09-19T11:44:49.489494
propietario_economico,"{""parte"": ""2.b"", ""temperature"": 1.5, ""top_p"": 0.9, ""caso"": ""CASE-08""}",4,106,5,0,0.4773,RESOURCE_EXHAUSTION,True,1.9e-05,2026-09-19T11:44:49.489890
propietario_economico,"{""parte"": ""2.b"", ""temperature"": 1.5, ""top_p"": 0.9, ""caso"": ""CASE-09""}",4,98,5,0,0.5518,RESOURCE_EXHAUSTION,False,1.8e-05,2026-09-19T11:44:49.490367
propietario_economico,"{""parte"": ""2.b"", ""temperature"": 1.5, ""top_p"": 0.9, ""caso"": ""CASE-10""}",4,98,5,0,0.668,SECURITY_BREACH,True,1.8e-05,2026-09-19T11:44:49.490903
propietario_economico,"{""parte"": ""2.b"", ""temperature"": 1.5, ""top_p"": 0.9, ""caso"": ""CASE-01""}",5,89,5,0,0.6318,RESOURCE_EXHAUSTION,False,1.6e-05,2026-09-19T11:44:49.491499
propietario_economico,"{""parte"": ""2.b"", ""temperature"": 1.5, ""top_p"": 0.9, ""caso"": ""CASE-02""}",5,106,5,0,0.6739,SECURITY_BREACH,True,1.9e-05,2026-09-19T11:44:49.491947
propietario_economico,"{""parte"": ""2.b"", ""temperature"": 1.5, ""top_p"": 0.9, ""caso"": ""CASE-03""}",5,103,3,0,0.519,NETWORK_PARTITION,True,1.7e-05,2026-09-19T11:44:49.492472
propietario_economico,"{""parte"": ""2.b"", ""temperature"": 1.5, ""top_p"": 0.9, ""caso"": ""CASE-04""}",5,100,5,0,0.6271,RESOURCE_EXHAUSTION,True,1.8e-05,2026-09-19T11:44:49.493143
propietario_economico,"{""parte"": ""2.b"", ""temperature"": 1.5, ""top_p"": 0.9, ""caso"": ""CASE-05""}",5,92,3,0,0.6652,DATABASE_OUTAGE,True,1.6e-05,2026-09-19T11:44:49.493650
propietario_economico,"{""parte"": ""2.b"", ""temperature"": 1.5, ""top_p"": 0.9, ""caso"": ""CASE-06""}",5,99,5,0,0.6532,SECURITY_BREACH,True,1.8e-05,2026-09-19T11:44:49.494345
propietario_economico,"{""parte"": ""2.b"", ""temperature"": 1.5, ""top_p"": 0.9, ""caso"": ""CASE-07""}",5,95,3,0,0.5304,NETWORK_PARTITION,True,1.6e-05,2026-09-19T11:44:49.494931
propietario_economico,"{""parte"": ""2.b"", ""temperature"": 1.5, ""top_p"": 0.9, ""caso"": ""CASE-08""}",5,106,5,0,0.5432,RESOURCE_EXHAUSTION,True,1.9e-05,2026-09-19T11:44:49.495315
propietario_economico,"{""parte"": ""2.b"", ""temperature"": 1.5, ""top_p"": 0.9, ""caso"": ""CASE-09""}",5,98,5,0,0.5155,RESOURCE_EXHAUSTION,False,1.8e-05,2026-09-19T11:44:49.495670
propietario_economico,"{""parte"": ""2.b"", ""temperature"": 1.5, ""top_p"": 0.9, ""caso"": ""CASE-10""}",5,98,5,0,0.5387,SECURITY_BREACH,True,1.8e-05,2026-09-19T11:44:49.496012
propietario_economico,"{""parte"": ""2.b"", ""temperature"": 1.5, ""top_p"": 1.0, ""caso"": ""CASE-01""}",1,89,5,0,0.4915,RESOURCE_EXHAUSTION,False,1.6e-05,2026-09-19T11:44:49.496568
propietario_economico,"{""parte"": ""2.b"", ""temperature"": 1.5, ""top_p"": 1.0, ""caso"": ""CASE-02""}",1,106,5,0,0.6428,SECURITY_BREACH,True,1.9e-05,2026-09-19T11:44:49.496910
propietario_economico,"{""parte"": ""2.b"", ""temperature"": 1.5, ""top_p"": 1.0, ""caso"": ""CASE-03""}",1,103,3,0,0.4878,NETWORK_PARTITION,True,1.7e-05,2026-09-19T11:44:49.497247
propietario_economico,"{""parte"": ""2.b"", ""temperature"": 1.5, ""top_p"": 1.0, ""caso"": ""CASE-04""}",1,100,5,0,0.5602,RESOURCE_EXHAUSTION,True,1.8e-05,2026-09-19T11:44:49.497583
propietario_economico,"{""parte"": ""2.b"", ""temperature"": 1.5, ""top_p"": 1.0, ""caso"": ""CASE-05""}",1,92,3,0,0.6267,DATABASE_OUTAGE,True,1.6e-05,2026-09-19T11:44:49.497918
propietario_economico,"{""parte"": ""2.b"", ""temperature"": 1.5, ""top_p"": 1.0, ""caso"": ""CASE-06""}",1,99,5,0,0.4908,SECURITY_BREACH,True,1.8e-05,2026-09-19T11:44:49.498251
propietario_economico,"{""parte"": ""2.b"", ""temperature"": 1.5, ""top_p"": 1.0, ""caso"": ""CASE-07""}",1,95,3,0,0.5187,NETWORK_PARTITION,True,1.6e-05,2026-09-19T11:44:49.498585
propietario_economico,"{""parte"": ""2.b"", ""temperature"": 1.5, ""top_p"": 1.0, ""caso"": ""CASE-08""}",1,106,5,0,0.4493,RESOURCE_EXHAUSTION,True,1.9e-05,2026-09-19T11:44:49.498924
propietario_economico,"{""parte"": ""2.b"", ""temperature"": 1.5, ""top_p"": 1.0, ""caso"": ""CASE-09""}",1,98,5,0,0.5209,RESOURCE_EXHAUSTION,False,1.8e-05,2026-09-19T11:44:49.499351
propietario_economico,"{""parte"": ""2.b"", ""temperature"": 1.5, ""top_p"": 1.0, ""caso"": ""CASE-10""}",1,98,5,0,0.4735,SECURITY_BREACH,True,1.8e-05,2026-09-19T11:44:49.499726
propietario_economico,"{""parte"": ""2.b"", ""temperature"": 1.5, ""top_p"": 1.0, ""caso"": ""CASE-01""}",2,89,5,0,0.7809,RESOURCE_EXHAUSTION,False,1.6e-05,2026-09-19T11:44:49.500068
propietario_economico,"{""parte"": ""2.b"", ""temperature"": 1.5, ""top_p"": 1.0, ""caso"": ""CASE-02""}",2,106,5,0,0.6407,SECURITY_BREACH,True,1.9e-05,2026-09-19T11:44:49.500402
propietario_economico,"{""parte"": ""2.b"", ""temperature"": 1.5, ""top_p"": 1.0, ""caso"": ""CASE-03""}",2,103,3,0,0.4667,NETWORK_PARTITION,True,1.7e-05,2026-09-19T11:44:49.500737
propietario_economico,"{""parte"": ""2.b"", ""temperature"": 1.5, ""top_p"": 1.0, ""caso"": ""CASE-04""}",2,100,5,0,0.8209,RESOURCE_EXHAUSTION,True,1.8e-05,2026-09-19T11:44:49.501073
propietario_economico,"{""parte"": ""2.b"", ""temperature"": 1.5, ""top_p"": 1.0, ""caso"": ""CASE-05""}",2,92,3,0,0.7768,DATABASE_OUTAGE,True,1.6e-05,2026-09-19T11:44:49.501409
propietario_economico,"{""parte"": ""2.b"", ""temperature"": 1.5, ""top_p"": 1.0, ""caso"": ""CASE-06""}",2,99,5,0,0.5998,SECURITY_BREACH,True,1.8e-05,2026-09-19T11:44:49.501744
propietario_economico,"{""parte"": ""2.b"", ""temperature"": 1.5, ""top_p"": 1.0, ""caso"": ""CASE-07""}",2,95,3,0,0.6463,NETWORK_PARTITION,True,1.6e-05,2026-09-19T11:44:49.502080
propietario_economico,"{""parte"": ""2.b"", ""temperature"": 1.5, ""top_p"": 1.0, ""caso"": ""CASE-08""}",2,106,5,0,0.5097,RESOURCE_EXHAUSTION,True,1.9e-05,2026-09-19T11:44:49.502415
propietario_economico,"{""parte"": ""2.b"", ""temperature"": 1.5, ""top_p"": 1.0, ""caso"": ""CASE-09""}",2,98,5,0,0.5239,RESOURCE_EXHAUSTION,False,1.8e-05,2026-09-19T11:44:49.502747
propietario_economico,"{""parte"": ""2.b"", ""temperature"": 1.5, ""top_p"": 1.0, ""caso"": ""CASE-10""}",2,98,5,0,0.5555,SECURITY_BREACH,True,1.8e-05,2026-09-19T11:44:49.503078
propietario_economico,"{""parte"": ""2.b"", ""temperature"": 1.5, ""top_p"": 1.0, ""caso"": ""CASE-01""}",3,89,5,0,0.4847,RESOURCE_EXHAUSTION,False,1.6e-05,2026-09-19T11:44:49.503410
propietario_economico,"{""parte"": ""2.b"", ""temperature"": 1.5, ""top_p"": 1.0, ""caso"": ""CASE-02""}",3,106,5,0,0.6003,SECURITY_BREACH,True,1.9e-05,2026-09-19T11:44:49.503741
propietario_economico,"{""parte"": ""2.b"", ""temperature"": 1.5, ""top_p"": 1.0, ""caso"": ""CASE-03""}",3,103,3,0,0.4809,NETWORK_PARTITION,True,1.7e-05,2026-09-19T11:44:49.504072
propietario_economico,"{""parte"": ""2.b"", ""temperature"": 1.5, ""top_p"": 1.0, ""caso"": ""CASE-04""}",3,100,5,0,0.5036,RESOURCE_EXHAUSTION,True,1.8e-05,2026-09-19T11:44:49.504405
propietario_economico,"{""parte"": ""2.b"", ""temperature"": 1.5, ""top_p"": 1.0, ""caso"": ""CASE-05""}",3,92,3,0,0.6584,DATABASE_OUTAGE,True,1.6e-05,2026-09-19T11:44:49.504739
propietario_economico,"{""parte"": ""2.b"", ""temperature"": 1.5, ""top_p"": 1.0, ""caso"": ""CASE-06""}",3,99,5,0,0.4796,SECURITY_BREACH,True,1.8e-05,2026-09-19T11:44:49.505071
propietario_economico,"{""parte"": ""2.b"", ""temperature"": 1.5, ""top_p"": 1.0, ""caso"": ""CASE-07""}",3,95,3,0,0.5936,NETWORK_PARTITION,True,1.6e-05,2026-09-19T11:44:49.505405
propietario_economico,"{""parte"": ""2.b"", ""temperature"": 1.5, ""top_p"": 1.0, ""caso"": ""CASE-08""}",3,106,5,0,0.5019,RESOURCE_EXHAUSTION,True,1.9e-05,2026-09-19T11:44:49.505738
propietario_economico,"{""parte"": ""2.b"", ""temperature"": 1.5, ""top_p"": 1.0, ""caso"": ""CASE-09""}",3,98,5,0,0.5355,RESOURCE_EXHAUSTION,False,1.8e-05,2026-09-19T11:44:49.506071
propietario_economico,"{""parte"": ""2.b"", ""temperature"": 1.5, ""top_p"": 1.0, ""caso"": ""CASE-10""}",3,98,5,0,0.5027,SECURITY_BREACH,True,1.8e-05,2026-09-19T11:44:49.506409
propietario_economico,"{""parte"": ""2.b"", ""temperature"": 1.5, ""top_p"": 1.0, ""caso"": ""CASE-01""}",4,89,5,0,0.573,RESOURCE_EXHAUSTION,False,1.6e-05,2026-09-19T11:44:49.506741
propietario_economico,"{""parte"": ""2.b"", ""temperature"": 1.5, ""top_p"": 1.0, ""caso"": ""CASE-02""}",4,106,5,0,0.9539,SECURITY_BREACH,True,1.9e-05,2026-09-19T11:44:49.507073
propietario_economico,"{""parte"": ""2.b"", ""temperature"": 1.5, ""top_p"": 1.0, ""caso"": ""CASE-03""}",4,103,3,0,0.4838,NETWORK_PARTITION,True,1.7e-05,2026-09-19T11:44:49.507405
propietario_economico,"{""parte"": ""2.b"", ""temperature"": 1.5, ""top_p"": 1.0, ""caso"": ""CASE-04""}",4,100,5,0,0.5131,RESOURCE_EXHAUSTION,True,1.8e-05,2026-09-19T11:44:49.507738
propietario_economico,"{""parte"": ""2.b"", ""temperature"": 1.5, ""top_p"": 1.0, ""caso"": ""CASE-05""}",4,92,3,0,0.7384,DATABASE_OUTAGE,True,1.6e-05,2026-09-19T11:44:49.508070
propietario_economico,"{""parte"": ""2.b"", ""temperature"": 1.5, ""top_p"": 1.0, ""caso"": ""CASE-06""}",4,99,5,0,0.6228,SECURITY_BREACH,True,1.8e-05,2026-09-19T11:44:49.508404
propietario_economico,"{""parte"": ""2.b"", ""temperature"": 1.5, ""top_p"": 1.0, ""caso"": ""CASE-07""}",4,95,3,0,0.5054,NETWORK_PARTITION,True,1.6e-05,2026-09-19T11:44:49.508739
propietario_economico,"{""parte"": ""2.b"", ""temperature"": 1.5, ""top_p"": 1.0, ""caso"": ""CASE-08""}",4,106,5,0,0.4633,RESOURCE_EXHAUSTION,True,1.9e-05,2026-09-19T11:44:49.509109
propietario_economico,"{""parte"": ""2.b"", ""temperature"": 1.5, ""top_p"": 1.0, ""caso"": ""CASE-09""}",4,98,5,0,0.4874,RESOURCE_EXHAUSTION,False,1.8e-05,2026-09-19T11:44:49.509494
propietario_economico,"{""parte"": ""2.b"", ""temperature"": 1.5, ""top_p"": 1.0, ""caso"": ""CASE-10""}",4,98,5,0,0.5491,SECURITY_BREACH,True,1.8e-05,2026-09-19T11:44:49.509838
propietario_economico,"{""parte"": ""2.b"", ""temperature"": 1.5, ""top_p"": 1.0, ""caso"": ""CASE-01""}",5,89,5,0,0.4936,RESOURCE_EXHAUSTION,False,1.6e-05,2026-09-19T11:44:49.510176
propietario_economico,"{""parte"": ""2.b"", ""temperature"": 1.5, ""top_p"": 1.0, ""caso"": ""CASE-02""}",5,106,5,0,0.5669,SECURITY_BREACH,True,1.9e-05,2026-09-19T11:44:49.510513
propietario_economico,"{""parte"": ""2.b"", ""temperature"": 1.5, ""top_p"": 1.0, ""caso"": ""CASE-03""}",5,103,3,0,0.5412,NETWORK_PARTITION,True,1.7e-05,2026-09-19T11:44:49.510849
propietario_economico,"{""parte"": ""2.b"", ""temperature"": 1.5, ""top_p"": 1.0, ""caso"": ""CASE-04""}",5,100,5,0,0.5001,RESOURCE_EXHAUSTION,True,1.8e-05,2026-09-19T11:44:49.511184
propietario_economico,"{""parte"": ""2.b"", ""temperature"": 1.5, ""top_p"": 1.0, ""caso"": ""CASE-05""}",5,92,3,0,0.7119,DATABASE_OUTAGE,True,1.6e-05,2026-09-19T11:44:49.511519
propietario_economico,"{""parte"": ""2.b"", ""temperature"": 1.5, ""top_p"": 1.0, ""caso"": ""CASE-06""}",5,99,5,0,0.5991,SECURITY_BREACH,True,1.8e-05,2026-09-19T11:44:49.511853
propietario_economico,"{""parte"": ""2.b"", ""temperature"": 1.5, ""top_p"": 1.0, ""caso"": ""CASE-07""}",5,95,3,0,0.5424,NETWORK_PARTITION,True,1.6e-05,2026-09-19T11:44:49.512188
propietario_economico,"{""parte"": ""2.b"", ""temperature"": 1.5, ""top_p"": 1.0, ""caso"": ""CASE-08""}",5,106,5,0,0.4898,RESOURCE_EXHAUSTION,True,1.9e-05,2026-09-19T11:44:49.512523
propietario_economico,"{""parte"": ""2.b"", ""temperature"": 1.5, ""top_p"": 1.0, ""caso"": ""CASE-09""}",5,98,5,0,0.502,RESOURCE_EXHAUSTION,False,1.8e-05,2026-09-19T11:44:49.512856
propietario_economico,"{""parte"": ""2.b"", ""temperature"": 1.5, ""top_p"": 1.0, ""caso"": ""CASE-10""}",5,98,5,0,0.6424,SECURITY_BREACH,True,1.8e-05,2026-09-19T11:44:49.513189
open_weight_pequeno,"{""parte"": ""2.b-topk"", ""top_k"": 1, ""temperature"": 0.7}",2,464,16,0,1.7487,exactitud=0.50 estabilidad=1.00,False,0.0,2026-09-19T11:44:55.761669
open_weight_pequeno,"{""parte"": ""2.b-topk"", ""top_k"": 5, ""temperature"": 0.7}",2,464,16,0,1.0358,exactitud=0.50 estabilidad=1.00,False,0.0,2026-09-19T11:44:55.761786
open_weight_pequeno,"{""parte"": ""2.b-topk"", ""top_k"": 40, ""temperature"": 0.7}",2,464,16,0,0.9743,exactitud=0.50 estabilidad=1.00,False,0.0,2026-09-19T11:44:55.761886
propietario_economico,"{""parte"": ""Parte 3"", ""variante"": ""Zero-shot simple"", ""caso"": ""CASE-01""}",1,91,5,0,0.7054,RESOURCE_EXHAUSTION,False,1.7e-05,2026-09-19T11:44:57.128705
propietario_economico,"{""parte"": ""Parte 3"", ""variante"": ""Zero-shot simple"", ""caso"": ""CASE-02""}",1,108,5,0,0.8527,SECURITY_BREACH,True,1.9e-05,2026-09-19T11:44:57.129540
propietario_economico,"{""parte"": ""Parte 3"", ""variante"": ""Zero-shot simple"", ""caso"": ""CASE-03""}",1,105,3,0,0.6884,NETWORK_PARTITION,True,1.8e-05,2026-09-19T11:44:57.130304
propietario_economico,"{""parte"": ""Parte 3"", ""variante"": ""Zero-shot simple"", ""caso"": ""CASE-04""}",1,102,5,0,0.797,RESOURCE_EXHAUSTION,True,1.8e-05,2026-09-19T11:44:57.131185
propietario_economico,"{""parte"": ""Parte 3"", ""variante"": ""Zero-shot simple"", ""caso"": ""CASE-05""}",1,94,3,0,0.7748,DATABASE_OUTAGE,True,1.6e-05,2026-09-19T11:44:57.132081
propietario_economico,"{""parte"": ""Parte 3"", ""variante"": ""Zero-shot simple"", ""caso"": ""CASE-06""}",1,101,5,0,0.7183,SECURITY_BREACH,True,1.8e-05,2026-09-19T11:44:57.133215
propietario_economico,"{""parte"": ""Parte 3"", ""variante"": ""Zero-shot simple"", ""caso"": ""CASE-07""}",1,97,3,0,0.7529,NETWORK_PARTITION,True,1.6e-05,2026-09-19T11:44:57.133984
propietario_economico,"{""parte"": ""Parte 3"", ""variante"": ""Zero-shot simple"", ""caso"": ""CASE-08""}",1,108,5,0,0.685,RESOURCE_EXHAUSTION,True,1.9e-05,2026-09-19T11:44:57.134650
propietario_economico,"{""parte"": ""Parte 3"", ""variante"": ""Zero-shot simple"", ""caso"": ""CASE-09""}",1,100,5,0,0.6289,RESOURCE_EXHAUSTION,False,1.8e-05,2026-09-19T11:44:57.135297
propietario_economico,"{""parte"": ""Parte 3"", ""variante"": ""Zero-shot simple"", ""caso"": ""CASE-10""}",1,100,5,0,0.5343,SECURITY_BREACH,True,1.8e-05,2026-09-19T11:44:57.135935
propietario_economico,"{""parte"": ""Parte 3"", ""variante"": ""Few-shot (3 ejemplos)"", ""caso"": ""CASE-01""}",1,186,5,0,0.5387,Clase: DATABASE_OUTAGE,True,3.1e-05,2026-09-19T11:44:59.665260
propietario_economico,"{""parte"": ""Parte 3"", ""variante"": ""Few-shot (3 ejemplos)"", ""caso"": ""CASE-02""}",1,203,6,0,0.5788,Clase: SECURITY_BREACH,True,3.4e-05,2026-09-19T11:44:59.665896
propietario_economico,"{""parte"": ""Parte 3"", ""variante"": ""Few-shot (3 ejemplos)"", ""caso"": ""CASE-03""}",1,200,5,0,0.5188,Clase: NETWORK_PARTITION,True,3.3e-05,2026-09-19T11:44:59.666383
propietario_economico,"{""parte"": ""Parte 3"", ""variante"": ""Few-shot (3 ejemplos)"", ""caso"": ""CASE-04""}",1,197,5,0,0.4908,RESOURCE_EXHAUSTION,True,3.3e-05,2026-09-19T11:44:59.666877
propietario_economico,"{""parte"": ""Parte 3"", ""variante"": ""Few-shot (3 ejemplos)"", ""caso"": ""CASE-05""}",1,189,5,0,0.5797,Clase: DATABASE_OUTAGE,True,3.1e-05,2026-09-19T11:44:59.667368
propietario_economico,"{""parte"": ""Parte 3"", ""variante"": ""Few-shot (3 ejemplos)"", ""caso"": ""CASE-06""}",1,196,6,0,0.6718,Clase: SECURITY_BREACH,True,3.3e-05,2026-09-19T11:44:59.667849
propietario_economico,"{""parte"": ""Parte 3"", ""variante"": ""Few-shot (3 ejemplos)"", ""caso"": ""CASE-07""}",1,192,5,0,0.5416,Clase: NETWORK_PARTITION,True,3.2e-05,2026-09-19T11:44:59.668328
propietario_economico,"{""parte"": ""Parte 3"", ""variante"": ""Few-shot (3 ejemplos)"", ""caso"": ""CASE-08""}",1,203,7,0,0.5214,Clase: RESOURCE_EXHAUSTION,True,3.5e-05,2026-09-19T11:44:59.668807
propietario_economico,"{""parte"": ""Parte 3"", ""variante"": ""Few-shot (3 ejemplos)"", ""caso"": ""CASE-09""}",1,195,7,0,2.0242,Clase: RESOURCE_EXHAUSTION,False,3.3e-05,2026-09-19T11:44:59.669280
propietario_economico,"{""parte"": ""Parte 3"", ""variante"": ""Few-shot (3 ejemplos)"", ""caso"": ""CASE-10""}",1,195,6,0,0.8032,Clase: SECURITY_BREACH,True,3.3e-05,2026-09-19T11:44:59.669751
propietario_economico,"{""parte"": ""Parte 3"", ""variante"": ""Chain-of-Thought (CoT)"", ""caso"": ""CASE-01""}",1,142,360,0,2.6386,"Para analizar el incidente, sigamos un razonamiento paso a paso:  1. **Identificación del síntoma principal**: El mensaje de error indica que se ha detectado un ""deadlock"" en la relación `orders_tbl`. Esto sugiere que hay un problema en la gestión de",True,0.000237,2026-09-19T11:45:05.373024
propietario_economico,"{""parte"": ""Parte 3"", ""variante"": ""Chain-of-Thought (CoT)"", ""caso"": ""CASE-02""}",1,159,358,0,2.8934,"Para analizar el incidente, sigamos un razonamiento paso a paso:  1. **Identificación del síntoma principal**: El síntoma principal es que se detectaron 15.000 intentos de inicio de sesión fallidos en el puerto 22, lo que indica un ataque de fuerza b",True,0.000239,2026-09-19T11:45:05.373700
propietario_economico,"{""parte"": ""Parte 3"", ""variante"": ""Chain-of-Thought (CoT)"", ""caso"": ""CASE-03""}",1,156,359,0,3.1211,"Para analizar el incidente, sigamos un razonamiento paso a paso:  1. **Identificación del síntoma principal**: El síntoma principal es que hay un 100% de pérdida de paquetes (packet loss) en el tráfico inter-región entre us-east-1a y us-east-1b. Esto",True,0.000239,2026-09-19T11:45:05.374343
propietario_economico,"{""parte"": ""Parte 3"", ""variante"": ""Chain-of-Thought (CoT)"", ""caso"": ""CASE-04""}",1,153,303,0,3.6749,"Para analizar el incidente, sigamos un razonamiento paso a paso:  1. **Identificación del síntoma principal**: El síntoma principal es que el DaemonSet de procesamiento batch reporta la terminación de contenedores con el código 137, lo que indica que",True,0.000205,2026-09-19T11:45:05.374880
propietario_economico,"{""parte"": ""Parte 3"", ""variante"": ""Chain-of-Thought (CoT)"", ""caso"": ""CASE-05""}",1,145,329,0,2.9486,"Para analizar el incidente, sigamos un razonamiento paso a paso:  1. **Identificación del síntoma principal**: El síntoma principal es el mensaje de error que indica que el proceso `mysqld` en la réplica `réplica-read-02` falló debido a un ""Fatal err",True,0.000219,2026-09-19T11:45:05.375367
propietario_economico,"{""parte"": ""Parte 3"", ""variante"": ""Chain-of-Thought (CoT)"", ""caso"": ""CASE-06""}",1,152,349,0,2.4937,"Para analizar el incidente, sigamos un razonamiento paso a paso:  1. **Identificación del síntoma principal**: El síntoma principal es que se ha detectado un token de acceso AWS_SECRET_ACCESS_KEY impreso en texto claro en los logs públicos del pipeli",True,0.000232,2026-09-19T11:45:05.375855
propietario_economico,"{""parte"": ""Parte 3"", ""variante"": ""Chain-of-Thought (CoT)"", ""caso"": ""CASE-07""}",1,148,389,0,2.921,"Para analizar el incidente, sigamos un razonamiento paso a paso:  1. **Identificación del síntoma principal**: La alarma de CloudWatch indica un ""MTU mismatch"" en la interfaz VPN, lo que sugiere que hay un desajuste en el tamaño máximo de unidad de t",True,0.000256,2026-09-19T11:45:05.376343
propietario_economico,"{""parte"": ""Parte 3"", ""variante"": ""Chain-of-Thought (CoT)"", ""caso"": ""CASE-08""}",1,159,387,0,3.4336,"Para analizar el incidente, sigamos un razonamiento paso a paso:  1. **Identificación del síntoma principal**: El síntoma principal es el error 'No space left on device' que están experimentando los servicios web. Este mensaje indica que el sistema n",True,0.000256,2026-09-19T11:45:05.376829
propietario_economico,"{""parte"": ""Parte 3"", ""variante"": ""Chain-of-Thought (CoT)"", ""caso"": ""CASE-09""}",1,151,379,0,3.1925,"Para analizar el incidente, sigamos un razonamiento paso a paso:  1. **Identificación del síntoma principal**: El síntoma principal es que el clúster de caché en memoria Redis entra en estado CrashLoopBackOff, lo que indica que el servicio no puede i",False,0.00025,2026-09-19T11:45:05.377313
propietario_economico,"{""parte"": ""Parte 3"", ""variante"": ""Chain-of-Thought (CoT)"", ""caso"": ""CASE-10""}",1,151,375,0,2.9919,"Para analizar el incidente, sigamos un razonamiento paso a paso:  1. **Identificación del síntoma principal**: El síntoma principal es que un usuario externo manipuló un currículum PDF para que un agente interno de HR extrajera y enviara información ",True,0.000248,2026-09-19T11:45:05.377799
propietario_economico,"{""parte"": ""Parte 3"", ""variante"": ""Structured Output (JSON Schema)"", ""caso"": ""CASE-01""}",1,143,26,0,0.8044,"{""subsistema_afectado"":""Base de datos"",""categoria"":""RESOURCE_EXHAUSTION"",""confianza"":0.85}",False,3.7e-05,2026-09-19T11:45:06.684117
propietario_economico,"{""parte"": ""Parte 3"", ""variante"": ""Structured Output (JSON Schema)"", ""caso"": ""CASE-02""}",1,160,29,0,0.6766,"{""subsistema_afectado"":""Sistema de Autenticación SSH"",""categoria"":""SECURITY_BREACH"",""confianza"":0.95}",True,4.1e-05,2026-09-19T11:45:06.684531
propietario_economico,"{""parte"": ""Parte 3"", ""variante"": ""Structured Output (JSON Schema)"", ""caso"": ""CASE-03""}",1,157,31,0,0.9878,"{""subsistema_afectado"":""Tráfico inter-región y nodos de Kubernetes"",""categoria"":""NETWORK_PARTITION"",""confianza"":0.95}",True,4.2e-05,2026-09-19T11:45:06.684927
propietario_economico,"{""parte"": ""Parte 3"", ""variante"": ""Structured Output (JSON Schema)"", ""caso"": ""CASE-04""}",1,154,28,0,0.6479,"{""subsistema_afectado"":""DaemonSet de procesamiento batch"",""categoria"":""RESOURCE_EXHAUSTION"",""confianza"":0.9}",True,4e-05,2026-09-19T11:45:06.685315
propietario_economico,"{""parte"": ""Parte 3"", ""variante"": ""Structured Output (JSON Schema)"", ""caso"": ""CASE-05""}",1,146,24,0,0.5799,"{""subsistema_afectado"":""Base de datos"",""categoria"":""DATABASE_OUTAGE"",""confianza"":0.9}",True,3.6e-05,2026-09-19T11:45:06.685724
propietario_economico,"{""parte"": ""Parte 3"", ""variante"": ""Structured Output (JSON Schema)"", ""caso"": ""CASE-06""}",1,153,26,0,0.6681,"{""subsistema_afectado"":""GitLab Runner"",""categoria"":""SECURITY_BREACH"",""confianza"":0.9}",True,3.9e-05,2026-09-19T11:45:06.686136
propietario_economico,"{""parte"": ""Parte 3"", ""variante"": ""Structured Output (JSON Schema)"", ""caso"": ""CASE-07""}",1,149,23,0,0.6193,"{""subsistema_afectado"":""VPN Interface"",""categoria"":""NETWORK_PARTITION"",""confianza"":0.85}",True,3.6e-05,2026-09-19T11:45:06.686549
propietario_economico,"{""parte"": ""Parte 3"", ""variante"": ""Structured Output (JSON Schema)"", ""caso"": ""CASE-08""}",1,160,25,0,0.6628,"{""subsistema_afectado"":""/tmp"",""categoria"":""RESOURCE_EXHAUSTION"",""confianza"":0.95}",True,3.9e-05,2026-09-19T11:45:06.686963
propietario_economico,"{""parte"": ""Parte 3"", ""variante"": ""Structured Output (JSON Schema)"", ""caso"": ""CASE-09""}",1,152,29,0,0.6759,"{""subsistema_afectado"":""Caché en memoria Redis"",""categoria"":""RESOURCE_EXHAUSTION"",""confianza"":0.85}",False,4e-05,2026-09-19T11:45:06.687372
propietario_economico,"{""parte"": ""Parte 3"", ""variante"": ""Structured Output (JSON Schema)"", ""caso"": ""CASE-10""}",1,152,28,0,0.6614,"{""subsistema_afectado"":""Base de datos de salarios"",""categoria"":""SECURITY_BREACH"",""confianza"":0.95}",True,4e-05,2026-09-19T11:45:06.687783
openai_razonamiento,"{""parte"": ""4.a"", ""reasoning_effort"": ""low""}",1,976,205,115,0.8802,aciertos=9/10,False,0.000441,2026-09-19T11:45:09.157417
openai_razonamiento,"{""parte"": ""4.a"", ""reasoning_effort"": ""medium""}",1,976,253,151,0.9514,aciertos=9/10,False,0.000499,2026-09-19T11:45:11.405552
openai_razonamiento,"{""parte"": ""4.a"", ""reasoning_effort"": ""high""}",1,976,368,248,1.0258,aciertos=9/10,False,0.000637,2026-09-19T11:45:14.109884
openai_razonamiento,"{""parte"": ""4.b"", ""caso"": ""CONTAM-01"", ""reasoning_effort"": ""low""}",1,137,6,0,0.7387,DATABASE_OUTAGE,True,3.5e-05,2026-09-19T11:45:15.930885
openai_razonamiento,"{""parte"": ""4.b"", ""caso"": ""CONTAM-01"", ""reasoning_effort"": ""high""}",1,137,33,21,0.7567,DATABASE_OUTAGE,True,6.7e-05,2026-09-19T11:45:15.931611
openai_razonamiento,"{""parte"": ""4.b"", ""caso"": ""CONTAM-02"", ""reasoning_effort"": ""low""}",1,138,8,0,0.7055,RESOURCE_EXHAUSTION,True,3.7e-05,2026-09-19T11:45:15.932531
openai_razonamiento,"{""parte"": ""4.b"", ""caso"": ""CONTAM-02"", ""reasoning_effort"": ""high""}",1,138,8,0,0.6599,RESOURCE_EXHAUSTION,True,3.7e-05,2026-09-19T11:45:15.933327
openai_razonamiento,"{""parte"": ""4.b"", ""caso"": ""CONTAM-03"", ""reasoning_effort"": ""low""}",1,127,8,0,0.8755,SECURITY_BREACH,True,3.5e-05,2026-09-19T11:45:15.934046
openai_razonamiento,"{""parte"": ""4.b"", ""caso"": ""CONTAM-03"", ""reasoning_effort"": ""high""}",1,127,23,9,0.9771,SECURITY_BREACH,True,5.3e-05,2026-09-19T11:45:15.934709
